character,slug,eidolon,eidolon_number,name,description
Acheron,acheron,E1,1,E,"Silenced Sky Spake Sooth 1 Silenced Sky Spake Sooth Eidolon 1 CRIT Rate increases by 18% when dealing DMG to debuffed enemies. E 2 Mute Thunder in Still Tempest Eidolon 2 The number of Nihility characters required for the Trace ""The Abyss"" to achieve its highest possible effect is reduced by 1 . When this unit's turn starts, gains 1 point of Slashed Dream and inflicts 1 stack of Crimson Knot on the enemy with the most Crimson Knot stacks. E 3 Frost Bites in Death Eidolon 3 Ultimate Lv. +2 , up to a maximum of Lv. 15. Basic ATK Lv. +1 , up to a maximum of Lv. 10. E 4 Shrined Fire for Mirrored Soul Eidolon 4 When enemy targets enter combat, makes them Vulnerable to the Ultimate DMG, increasing the amount of DMG they take from the Ultimate by 8% . E 5 Strewn Souls on Erased Earths Eidolon 5 Skill Lv. +2 , up to a maximum of Lv. 15. Talent Lv. +2 , up to a maximum of Lv. 15. E 6 Apocalypse, the Emancipator Eidolon 6 Increases the All-Type RES PEN for the Ultimate DMG dealt by Acheron by 20% . The DMG dealt by Basic ATK and Skill will also be considered as Ultimate DMG and can reduce enemy toughness regardless of Weakness Types. When Weakness is broken, triggers the Lightning Weakness Break effect."
Acheron,acheron,E2,2,CRIT Rate increases by,CRIT Rate increases by 18% when dealing DMG to debuffed enemies. 18% when dealing DMG to debuffed enemies.
Acheron,acheron,E3,3,"The number of Nihility characters required for the Trace ""The Abyss"" to achieve its highest possible effect is reduced by","The number of Nihility characters required for the Trace ""The Abyss"" to achieve its highest possible effect is reduced by 1 . When this unit's turn starts, gains 1 point of Slashed Dream and inflicts 1 stack of Crimson Knot on the enemy with the most Crimson Knot stacks. 1 . When this unit's turn starts, gains 1 point of Slashed Dream and inflicts 1 stack of Crimson Knot on the enemy with the most Crimson Knot stacks."
Acheron,acheron,E4,4,Ultimate Lv.,"Ultimate Lv. +2 , up to a maximum of Lv. 15. Basic ATK Lv. +1 , up to a maximum of Lv. 10. +2 , up to a maximum of Lv. 15. Basic ATK Lv. +1 , up to a maximum of Lv. 10."
Acheron,acheron,E5,5,"When enemy targets enter combat, makes them Vulnerable to the Ultimate DMG, increasing the amount of DMG they take from the Ultimate by","When enemy targets enter combat, makes them Vulnerable to the Ultimate DMG, increasing the amount of DMG they take from the Ultimate by 8% . 8% ."
Acheron,acheron,E6,6,Skill Lv.,"Skill Lv. +2 , up to a maximum of Lv. 15. Talent Lv. +2 , up to a maximum of Lv. 15. +2 , up to a maximum of Lv. 15. Talent Lv. +2 , up to a maximum of Lv. 15."
Acheron,acheron,E7,7,Increases the All-Type RES PEN for the Ultimate DMG dealt by Acheron by,"Increases the All-Type RES PEN for the Ultimate DMG dealt by Acheron by 20% . The DMG dealt by Basic ATK and Skill will also be considered as Ultimate DMG and can reduce enemy toughness regardless of Weakness Types. When Weakness is broken, triggers the Lightning Weakness Break effect. 20% . The DMG dealt by Basic ATK and Skill will also be considered as Ultimate DMG and can reduce enemy toughness regardless of Weakness Types. When Weakness is broken, triggers the Lightning Weakness Break effect."
Aglaea,aglaea,E1,1,E,"Drift at the Whim of Venus 1 Drift at the Whim of Venus Eidolon 1 The enemy afflicted with ""Seam Stitch"" takes 15% increased DMG. After Aglaea or Garmentmaker attacks this target, additionally regenerates 20 Energy. E 2 Sail on the Raft of Eyelids Eidolon 2 When Aglaea or Garmentmaker takes action, enables the DMG dealt by Aglaea and Garmentmaker to ignore 14% of the target's DEF. This effect stacks up to 3 time(s) and lasts until any unit, other than Aglaea or Garmentmaker, actively uses an ability. E 3 Bequeath in the Coalescence of Dew Eidolon 3 Skill Lv. +2 , up to a maximum of Lv. 15. Basic ATK Lv. +1 , up to a maximum of Lv. 10. Memosprite Talent Lv. +1 , up to a maximum of Lv. 10. E 4 Flicker Below the Surface of Marble Eidolon 4 The SPD Boost effect from the Memosprite Talent has its max stack limit increased by 1 . After Aglaea uses an attack, can also make Garmentmaker gain the SPD Boost effect from the Memosprite Talent. E 5 Weave Under the Shroud of Woe Eidolon 5 Ultimate Lv. +2 , up to a maximum of Lv. 15. Talent Lv. +2 , up to a maximum of Lv. 15. Memosprite Skill Lv. +1 , up to a maximum of Lv. 10. E 6 Fluctuate in the Tapestry of Fates Eidolon 6 While Aglaea is in ""Supreme Stance,"" increases her and Garmentmaker's Lightning RES PEN by 20% . When Aglaea's or Garmentmaker's SPD is greater than 160/240/320, the Joint ATK DMG dealt by them increases by 10% / 30% / 60% ."
Aglaea,aglaea,E2,2,"The enemy afflicted with ""Seam Stitch"" takes","The enemy afflicted with ""Seam Stitch"" takes 15% increased DMG. After Aglaea or Garmentmaker attacks this target, additionally regenerates 20 Energy. 15% increased DMG. After Aglaea or Garmentmaker attacks this target, additionally regenerates 20 Energy."
Aglaea,aglaea,E3,3,"When Aglaea or Garmentmaker takes action, enables the DMG dealt by Aglaea and Garmentmaker to ignore","When Aglaea or Garmentmaker takes action, enables the DMG dealt by Aglaea and Garmentmaker to ignore 14% of the target's DEF. This effect stacks up to 3 time(s) and lasts until any unit, other than Aglaea or Garmentmaker, actively uses an ability. 14% of the target's DEF. This effect stacks up to 3 time(s) and lasts until any unit, other than Aglaea or Garmentmaker, actively uses an ability."
Aglaea,aglaea,E4,4,Skill Lv.,"Skill Lv. +2 , up to a maximum of Lv. 15. Basic ATK Lv. +1 , up to a maximum of Lv. 10. Memosprite Talent Lv. +1 , up to a maximum of Lv. 10. +2 , up to a maximum of Lv. 15. Basic ATK Lv. +1 , up to a maximum of Lv. 10. Memosprite Talent Lv. +1 , up to a maximum of Lv. 10."
Aglaea,aglaea,E5,5,The SPD Boost effect from the Memosprite Talent has its max stack limit increased by,"The SPD Boost effect from the Memosprite Talent has its max stack limit increased by 1 . After Aglaea uses an attack, can also make Garmentmaker gain the SPD Boost effect from the Memosprite Talent. 1 . After Aglaea uses an attack, can also make Garmentmaker gain the SPD Boost effect from the Memosprite Talent."
Aglaea,aglaea,E6,6,Ultimate Lv.,"Ultimate Lv. +2 , up to a maximum of Lv. 15. Talent Lv. +2 , up to a maximum of Lv. 15. Memosprite Skill Lv. +1 , up to a maximum of Lv. 10. +2 , up to a maximum of Lv. 15. Talent Lv. +2 , up to a maximum of Lv. 15. Memosprite Skill Lv. +1 , up to a maximum of Lv. 10."
Aglaea,aglaea,E7,7,"While Aglaea is in ""Supreme Stance,"" increases her and Garmentmaker's","While Aglaea is in ""Supreme Stance,"" increases her and Garmentmaker's Lightning RES PEN by 20% . When Aglaea's or Garmentmaker's SPD is greater than 160/240/320, the Joint ATK DMG dealt by them increases by 10% / 30% / 60% . Lightning RES PEN by 20% . When Aglaea's or Garmentmaker's SPD is greater than 160/240/320, the Joint ATK DMG dealt by them increases by 10% / 30% / 60% ."
Anaxa,anaxa,E1,1,E,"Magician, Isolated by Stars 1 Magician, Isolated by Stars Eidolon 1 After using Skill for the first time, recovers 1 Skill Point(s). When using Skill to hit enemy targets, decreases the targets' DEF by 16% , lasting for 2 turn(s). E 2 Soul, True to History Eidolon 2 When enemy targets enter the battlefield, triggers 1 instance of the Talent's Weakness Implant effect, and reduces their All-Type RES by 20% . E 3 Pupil, Etched into Cosmos Eidolon 3 Ultimate Lv. +2 , up to a maximum of Lv. 15. Basic ATK Lv. +1 , up to a maximum of Lv. 10. E 4 Blaze, Plunged to Canyon Eidolon 4 When using Skill, increases ATK by 30% , lasting for 2 turn(s). This effect can stack up to 2 time(s). E 5 Embryo, Set Beyond Vortex Eidolon 5 Skill Lv. +2 , up to a maximum of Lv. 15. Talent Lv. +2 , up to a maximum of Lv. 15. E 6 Everything Is in Everything Eidolon 6 The DMG dealt by Anaxa is 130% of the original DMG. The 2 effects in the Trace ""Imperative Hiatus"" will be triggered directly and will no longer depend on the number of ""Erudition"" characters in the team."
Anaxa,anaxa,E2,2,"After using Skill for the first time, recovers","After using Skill for the first time, recovers 1 Skill Point(s). When using Skill to hit enemy targets, decreases the targets' DEF by 16% , lasting for 2 turn(s). 1 Skill Point(s). When using Skill to hit enemy targets, decreases the targets' DEF by 16% , lasting for 2 turn(s)."
Anaxa,anaxa,E3,3,"When enemy targets enter the battlefield, triggers 1 instance of the Talent's Weakness Implant effect, and reduces their All-Type RES by","When enemy targets enter the battlefield, triggers 1 instance of the Talent's Weakness Implant effect, and reduces their All-Type RES by 20% . 20% ."
Anaxa,anaxa,E4,4,Ultimate Lv.,"Ultimate Lv. +2 , up to a maximum of Lv. 15. Basic ATK Lv. +1 , up to a maximum of Lv. 10. +2 , up to a maximum of Lv. 15. Basic ATK Lv. +1 , up to a maximum of Lv. 10."
Anaxa,anaxa,E5,5,"When using Skill, increases ATK by","When using Skill, increases ATK by 30% , lasting for 2 turn(s). This effect can stack up to 2 time(s). 30% , lasting for 2 turn(s). This effect can stack up to 2 time(s)."
Anaxa,anaxa,E6,6,Skill Lv.,"Skill Lv. +2 , up to a maximum of Lv. 15. Talent Lv. +2 , up to a maximum of Lv. 15. +2 , up to a maximum of Lv. 15. Talent Lv. +2 , up to a maximum of Lv. 15."
Anaxa,anaxa,E7,7,The DMG dealt by Anaxa is,"The DMG dealt by Anaxa is 130% of the original DMG. The 2 effects in the Trace ""Imperative Hiatus"" will be triggered directly and will no longer depend on the number of ""Erudition"" characters in the team. 130% of the original DMG. The 2 effects in the Trace ""Imperative Hiatus"" will be triggered directly and will no longer depend on the number of ""Erudition"" characters in the team."
Archer,archer,E1,1,E,"The Unreached Dream 1 The Unreached Dream Eidolon 1 After using Skill 3 time(s) within one turn, recovers 2 Skill Point(s) for allies. E 2 The Unfulfilled Happiness Eidolon 2 When using Ultimate, reduces the enemy target's Quantum RES by 20% , and induces Quantum Weakness for it, lasting for 2 turn(s). E 3 The Untamed Will Eidolon 3 Skill Lv. + 2 , up to a maximum of Lv. 15 . Basic ATK Lv. + 1 , up to a maximum of Lv. 10 . E 4 The Unsung Life Eidolon 4 Increases Ultimate DMG dealt by 150% . E 5 The Nameless Watch Eidolon 5 Ultimate Lv. + 2 , up to a maximum of Lv. 15 . Talent Lv. + 2 , up to a maximum of Lv. 15 . E 6 The Endless Pilgrimage Eidolon 6 When the turn begins, recovers 1 Skill Point for allies. The number of maximum stacks for the DMG boost effect provided by his Skill increases by 1 . His Skill DMG dealt ignores 20% of DEF."
Archer,archer,E2,2,After using Skill,"After using Skill 3 time(s) within one turn, recovers 2 Skill Point(s) for allies. 3 time(s) within one turn, recovers 2 Skill Point(s) for allies."
Archer,archer,E3,3,"When using Ultimate, reduces the enemy target's Quantum RES by","When using Ultimate, reduces the enemy target's Quantum RES by 20% , and induces Quantum Weakness for it, lasting for 2 turn(s). 20% , and induces Quantum Weakness for it, lasting for 2 turn(s)."
Archer,archer,E4,4,Skill Lv. +,"Skill Lv. + 2 , up to a maximum of Lv. 15 . Basic ATK Lv. + 1 , up to a maximum of Lv. 10 . 2 , up to a maximum of Lv. 15 . Basic ATK Lv. + 1 , up to a maximum of Lv. 10 ."
Archer,archer,E5,5,Increases Ultimate DMG dealt by,Increases Ultimate DMG dealt by 150% . 150% .
Archer,archer,E6,6,Ultimate Lv. +,"Ultimate Lv. + 2 , up to a maximum of Lv. 15 . Talent Lv. + 2 , up to a maximum of Lv. 15 . 2 , up to a maximum of Lv. 15 . Talent Lv. + 2 , up to a maximum of Lv. 15 ."
Archer,archer,E7,7,"When the turn begins, recovers","When the turn begins, recovers 1 Skill Point for allies. The number of maximum stacks for the DMG boost effect provided by his Skill increases by 1 . His Skill DMG dealt ignores 20% of DEF. 1 Skill Point for allies. The number of maximum stacks for the DMG boost effect provided by his Skill increases by 1 . His Skill DMG dealt ignores 20% of DEF."
Argenti,argenti,E1,1,E,"A Lacuna in Kingdom of Aesthetics 1 A Lacuna in Kingdom of Aesthetics Eidolon 1 Each stack of Apotheosis additionally increases CRIT DMG by 4%. E 2 Agate's Humility Eidolon 2 If the number of enemies on the field equals to 3 or more when the Ultimate is used, ATK increases by 40% for 1 turn(s). E 3 Thorny Road's Glory Eidolon 3 Skill Lv. +2 , up to a maximum of Lv. 15. Talent Lv. +2 , up to a maximum of Lv. 15. E 4 Trumpet's Dedication Eidolon 4 At the start of battle, gains 2 stack(s) of Apotheosis and increases the maximum stack limit of the Talent's effect by 2 . E 5 Snow, From Somewhere in Cosmos Eidolon 5 Ultimate Lv. +2 , up to a maximum of Lv. 15. Basic ATK Lv. +1 , up to a maximum of Lv. 10, E 6 ""Your"" Resplendence Eidolon 6 When using Ultimate, ignores 30% of enemy targets' DEF."
Argenti,argenti,E2,2,Each stack of Apotheosis additionally increases CRIT DMG by,Each stack of Apotheosis additionally increases CRIT DMG by 4%. 4%.
Argenti,argenti,E3,3,If the number of enemies on the field equals to,"If the number of enemies on the field equals to 3 or more when the Ultimate is used, ATK increases by 40% for 1 turn(s). 3 or more when the Ultimate is used, ATK increases by 40% for 1 turn(s)."
Argenti,argenti,E4,4,Skill Lv.,"Skill Lv. +2 , up to a maximum of Lv. 15. Talent Lv. +2 , up to a maximum of Lv. 15. +2 , up to a maximum of Lv. 15. Talent Lv. +2 , up to a maximum of Lv. 15."
Argenti,argenti,E5,5,"At the start of battle, gains","At the start of battle, gains 2 stack(s) of Apotheosis and increases the maximum stack limit of the Talent's effect by 2 . 2 stack(s) of Apotheosis and increases the maximum stack limit of the Talent's effect by 2 ."
Argenti,argenti,E6,6,Ultimate Lv.,"Ultimate Lv. +2 , up to a maximum of Lv. 15. Basic ATK Lv. +1 , up to a maximum of Lv. 10, +2 , up to a maximum of Lv. 15. Basic ATK Lv. +1 , up to a maximum of Lv. 10,"
Argenti,argenti,E7,7,"When using Ultimate, ignores","When using Ultimate, ignores 30% of enemy targets' DEF. 30% of enemy targets' DEF."
Arlan,arlan,E1,1,E,"To the Bitter End 1 To the Bitter End Eidolon 1 When HP percentage is lower than or equal to 50% of Max HP, increases DMG dealt by Skill by 10% . E 2 Breaking Free Eidolon 2 Using Skill or Ultimate removes 1 debuff from this unit. E 3 Power Through Eidolon 3 Skill Lv. +2 , up to a maximum of Lv. 15 . Basic ATK Lv. +1 , up to a maximum of Lv. 10 . E 4 Turn the Tables Eidolon 4 When struck by a killing blow after entering battle, instead of becoming knocked down, Arlan immediately restores his HP to 25% of his Max HP. This effect is automatically removed after it is triggered once or after 2 turn(s) have elapsed. E 5 Hammer and Tongs Eidolon 5 Ultimate Lv. +2 , up to a maximum of Lv. 15 . Talent Lv. +2 , up to a maximum of Lv. 15 . E 6 Self-Sacrifice Eidolon 6 When the current HP percentage drops to 50% or below, Ultimate deals 20% more DMG, and the DMG multiplier for adjacent targets is raised to the same level as that for the primary target."
Arlan,arlan,E2,2,When HP percentage is lower than or equal to,"When HP percentage is lower than or equal to 50% of Max HP, increases DMG dealt by Skill by 10% . 50% of Max HP, increases DMG dealt by Skill by 10% ."
Arlan,arlan,E3,3,Using Skill or Ultimate removes,Using Skill or Ultimate removes 1 debuff from this unit. 1 debuff from this unit.
Arlan,arlan,E4,4,Skill Lv.,"Skill Lv. +2 , up to a maximum of Lv. 15 . Basic ATK Lv. +1 , up to a maximum of Lv. 10 . +2 , up to a maximum of Lv. 15 . Basic ATK Lv. +1 , up to a maximum of Lv. 10 ."
Arlan,arlan,E5,5,"When struck by a killing blow after entering battle, instead of becoming knocked down, Arlan immediately restores his HP to","When struck by a killing blow after entering battle, instead of becoming knocked down, Arlan immediately restores his HP to 25% of his Max HP. This effect is automatically removed after it is triggered once or after 2 turn(s) have elapsed. 25% of his Max HP. This effect is automatically removed after it is triggered once or after 2 turn(s) have elapsed."
Arlan,arlan,E6,6,Ultimate Lv.,"Ultimate Lv. +2 , up to a maximum of Lv. 15 . Talent Lv. +2 , up to a maximum of Lv. 15 . +2 , up to a maximum of Lv. 15 . Talent Lv. +2 , up to a maximum of Lv. 15 ."
Arlan,arlan,E7,7,When the current HP percentage drops to,"When the current HP percentage drops to 50% or below, Ultimate deals 20% more DMG, and the DMG multiplier for adjacent targets is raised to the same level as that for the primary target. 50% or below, Ultimate deals 20% more DMG, and the DMG multiplier for adjacent targets is raised to the same level as that for the primary target."
Ashveil,ashveil,E1,1,E,"Beware: Venture Not at Full Moon 1 Beware: Venture Not at Full Moon Eidolon 1 While Ashveil is on the field, increases DMG taken by all enemies by 24% . When an enemy target's current HP percentage is 50% or lower, the DMG they take increases to 36% . E 2 Knock: Where Snickers Echo Eidolon 2 The max stack limit of ""Gluttony"" increases to 18 . After each time Ashveil launches the enhanced Talent's Follow-Up ATK, refunds 35% of the removed ""Gluttony"" stacks. E 3 Hush: Unsaid Between Friends Eidolon 3 Ultimate Lv. +2 , up to a maximum of Lv. 15. Basic ATK Lv. +1 , up to a maximum of Lv. 10. E 4 Heed: Swallow Truth Whole Eidolon 4 When Ashveil uses Ultimate, increases ATK by 40% for 3 turn(s). E 5 Caution: Sleuth Turns Slayer Eidolon 5 Skill Lv. +2 , up to a maximum of Lv. 15. Talent Lv. +2 , up to a maximum of Lv. 15. E 6 Finale: And Then There Were None Eidolon 6 When the ""Bait"" exists on the field, reduces all enemies' All-Type RES by 20% . For every 1 stack of ""Gluttony"" Ashveil has gained, the DMG dealt increases by 4% . This effect can stack up to 30 time(s)."
Ashveil,ashveil,E2,2,"While Ashveil is on the field, increases DMG taken by all enemies by","While Ashveil is on the field, increases DMG taken by all enemies by 24% . When an enemy target's current HP percentage is 50% or lower, the DMG they take increases to 36% . 24% . When an enemy target's current HP percentage is 50% or lower, the DMG they take increases to 36% ."
Ashveil,ashveil,E3,3,"The max stack limit of ""Gluttony"" increases to","The max stack limit of ""Gluttony"" increases to 18 . After each time Ashveil launches the enhanced Talent's Follow-Up ATK, refunds 35% of the removed ""Gluttony"" stacks. 18 . After each time Ashveil launches the enhanced Talent's Follow-Up ATK, refunds 35% of the removed ""Gluttony"" stacks."
Ashveil,ashveil,E4,4,Ultimate Lv.,"Ultimate Lv. +2 , up to a maximum of Lv. 15. Basic ATK Lv. +1 , up to a maximum of Lv. 10. +2 , up to a maximum of Lv. 15. Basic ATK Lv. +1 , up to a maximum of Lv. 10."
Ashveil,ashveil,E5,5,"When Ashveil uses Ultimate, increases ATK by","When Ashveil uses Ultimate, increases ATK by 40% for 3 turn(s). 40% for 3 turn(s)."
Ashveil,ashveil,E6,6,Skill Lv.,"Skill Lv. +2 , up to a maximum of Lv. 15. Talent Lv. +2 , up to a maximum of Lv. 15. +2 , up to a maximum of Lv. 15. Talent Lv. +2 , up to a maximum of Lv. 15."
Ashveil,ashveil,E7,7,"When the ""Bait"" exists on the field, reduces all enemies' All-Type RES by","When the ""Bait"" exists on the field, reduces all enemies' All-Type RES by 20% . For every 1 stack of ""Gluttony"" Ashveil has gained, the DMG dealt increases by 4% . This effect can stack up to 30 time(s). 20% . For every 1 stack of ""Gluttony"" Ashveil has gained, the DMG dealt increases by 4% . This effect can stack up to 30 time(s)."
Asta,asta,E1,1,E,"Star Sings Sans Verses or Vocals 1 Star Sings Sans Verses or Vocals Eidolon 1 When using Skill, deals DMG for 1 extra time to a random enemy. E 2 Moon Speaks in Wax and Wane Eidolon 2 After using her Ultimate, Asta's Charging stacks will not be reduced in the next turn. E 3 Meteor Showers for Wish and Want Eidolon 3 Skill Lv. +2 , up to a maximum of Lv. 15 . Talent Lv. +2 , up to a maximum of Lv. 15 . E 4 Aurora Basks in Beauty and Bliss Eidolon 4 Asta's Energy Regeneration Rate increases by 15% when she has 2 or more Charging stacks. E 5 Nebula Secludes in Cold Cosmos Eidolon 5 Ultimate Lv. +2 , up to a maximum of Lv. 15 . Basic ATK Lv. +1 , up to a maximum of Lv. 10 . E 6 Galaxy Dreams in Calm and Comfort Eidolon 6 Charging stack(s) lost in each turn is reduced by 1 ."
Asta,asta,E2,2,"When using Skill, deals DMG for","When using Skill, deals DMG for 1 extra time to a random enemy. 1 extra time to a random enemy."
Asta,asta,E3,3,,"After using her Ultimate, Asta's Charging stacks will not be reduced in the next turn."
Asta,asta,E4,4,Skill Lv.,"Skill Lv. +2 , up to a maximum of Lv. 15 . Talent Lv. +2 , up to a maximum of Lv. 15 . +2 , up to a maximum of Lv. 15 . Talent Lv. +2 , up to a maximum of Lv. 15 ."
Asta,asta,E5,5,Asta's Energy Regeneration Rate increases by,Asta's Energy Regeneration Rate increases by 15% when she has 2 or more Charging stacks. 15% when she has 2 or more Charging stacks.
Asta,asta,E6,6,Ultimate Lv.,"Ultimate Lv. +2 , up to a maximum of Lv. 15 . Basic ATK Lv. +1 , up to a maximum of Lv. 10 . +2 , up to a maximum of Lv. 15 . Basic ATK Lv. +1 , up to a maximum of Lv. 10 ."
Asta,asta,E7,7,Charging stack(s) lost in each turn is reduced by,Charging stack(s) lost in each turn is reduced by 1 . 1 .
Aventurine,aventurine,E1,1,E,"Prisoner's Dilemma 1 Prisoner's Dilemma Eidolon 1 Increases CRIT DMG by 20% for allies with Fortified Wager. After using the Ultimate, provides all allies with a Fortified Wager shield, whose Shield effect is equal to 100% of the one provided by the Skill, lasting for 3 turn(s). E 2 Bounded Rationality Eidolon 2 When using Basic ATK, reduces the target's All-Type RES by 12% for 3 turn(s). E 3 Droprate Maxing Eidolon 3 Ultimate Lv. +2 , up to a maximum of Lv. 15. Basic ATK Lv. +1 , up to a maximum of Lv. 10. E 4 Unexpected Hanging Paradox Eidolon 4 When triggering his Talent's follow-up attack, first increases Aventurine's DEF by 40% for 2 turn(s), and additionally increases the Hits Per Action for his talent's follow-up attack by 3 . E 5 Ambiguity Aversion Eidolon 5 Skill Lv. +2 , up to a maximum of Lv. 15. Talent Lv. +2 , up to a maximum of Lv. 15. E 6 Stag Hunt Game Eidolon 6 For every ally with a Shield, the DMG dealt by Aventurine increases by 50% , up to a maximum of 150% ."
Aventurine,aventurine,E2,2,Increases CRIT DMG by,"Increases CRIT DMG by 20% for allies with Fortified Wager. After using the Ultimate, provides all allies with a Fortified Wager shield, whose Shield effect is equal to 100% of the one provided by the Skill, lasting for 3 turn(s). 20% for allies with Fortified Wager. After using the Ultimate, provides all allies with a Fortified Wager shield, whose Shield effect is equal to 100% of the one provided by the Skill, lasting for 3 turn(s)."
Aventurine,aventurine,E3,3,"When using Basic ATK, reduces the target's All-Type RES by","When using Basic ATK, reduces the target's All-Type RES by 12% for 3 turn(s). 12% for 3 turn(s)."
Aventurine,aventurine,E4,4,Ultimate Lv.,"Ultimate Lv. +2 , up to a maximum of Lv. 15. Basic ATK Lv. +1 , up to a maximum of Lv. 10. +2 , up to a maximum of Lv. 15. Basic ATK Lv. +1 , up to a maximum of Lv. 10."
Aventurine,aventurine,E5,5,"When triggering his Talent's follow-up attack, first increases Aventurine's DEF by","When triggering his Talent's follow-up attack, first increases Aventurine's DEF by 40% for 2 turn(s), and additionally increases the Hits Per Action for his talent's follow-up attack by 3 . 40% for 2 turn(s), and additionally increases the Hits Per Action for his talent's follow-up attack by 3 ."
Aventurine,aventurine,E6,6,Skill Lv.,"Skill Lv. +2 , up to a maximum of Lv. 15. Talent Lv. +2 , up to a maximum of Lv. 15. +2 , up to a maximum of Lv. 15. Talent Lv. +2 , up to a maximum of Lv. 15."
Aventurine,aventurine,E7,7,"For every ally with a Shield, the DMG dealt by Aventurine increases by","For every ally with a Shield, the DMG dealt by Aventurine increases by 50% , up to a maximum of 150% . 50% , up to a maximum of 150% ."
Aventurine Waveflair,aventurine-waveflair,E1,1,E,1 Eidolon 1
Aventurine Waveflair,aventurine-waveflair,E2,2,,
Bailu,bailu,E1,1,E,"Ambrosial Aqua 1 Ambrosial Aqua Eidolon 1 If the target ally's current HP is equal to their Max HP when Invigoration ends, Bailu additionally regenerates 8 Energy for this target. E 2 Sylphic Slumber Eidolon 2 After using her Ultimate, Bailu's Outgoing Healing increases by an additional 15% for 2 turn(s). E 3 Omniscient Opulence Eidolon 3 Skill Lv. +2 , up to a maximum of Lv. 15 . Talent Lv. +2 , up to a maximum of Lv. 15 . E 4 Evil Excision Eidolon 4 Every healing provided by Bailu's Skill makes the recipient deal 10% more DMG for 2 turn(s). This effect can stack up to 3 time(s). E 5 Waning Worries Eidolon 5 Ultimate Lv. +2 , up to a maximum of Lv. 15 . Basic ATK Lv. +1 , up to a maximum of Lv. 10 . E 6 Drooling Drop of Draconic Divinity Eidolon 6 Bailu can heal allies who received a killing blow 1 more time(s) in a single battle."
Bailu,bailu,E2,2,"If the target ally's current HP is equal to their Max HP when Invigoration ends, Bailu additionally regenerates","If the target ally's current HP is equal to their Max HP when Invigoration ends, Bailu additionally regenerates 8 Energy for this target. 8 Energy for this target."
Bailu,bailu,E3,3,"After using her Ultimate, Bailu's Outgoing Healing increases by an additional","After using her Ultimate, Bailu's Outgoing Healing increases by an additional 15% for 2 turn(s). 15% for 2 turn(s)."
Bailu,bailu,E4,4,Skill Lv.,"Skill Lv. +2 , up to a maximum of Lv. 15 . Talent Lv. +2 , up to a maximum of Lv. 15 . +2 , up to a maximum of Lv. 15 . Talent Lv. +2 , up to a maximum of Lv. 15 ."
Bailu,bailu,E5,5,Every healing provided by Bailu's Skill makes the recipient deal,Every healing provided by Bailu's Skill makes the recipient deal 10% more DMG for 2 turn(s). This effect can stack up to 3 time(s). 10% more DMG for 2 turn(s). This effect can stack up to 3 time(s).
Bailu,bailu,E6,6,Ultimate Lv.,"Ultimate Lv. +2 , up to a maximum of Lv. 15 . Basic ATK Lv. +1 , up to a maximum of Lv. 10 . +2 , up to a maximum of Lv. 15 . Basic ATK Lv. +1 , up to a maximum of Lv. 10 ."
Bailu,bailu,E7,7,Bailu can heal allies who received a killing blow,Bailu can heal allies who received a killing blow 1 more time(s) in a single battle. 1 more time(s) in a single battle.
Black Swan,black-swan,E1,1,Seven Pillars of Wisdom,"Seven Pillars of Wisdom While Black Swan is active in combat, enemies afflicted with Wind Shear, Bleed, Burn, or Shock will have their corresponding Wind, Physical, Fire, or Lightning RES respectively reduced by 25% . Weep Not For Me, My Lamb When enemy targets enter combat, there is a 100% base chance to inflict 30 stack(s) of ""Arcana"" on them. As Above, So Below Skill Lv. +2 , up to a maximum of Lv. 15. Talent Lv. +2 , up to a maximum of Lv. 15. In Tears We Gift While in the ""Epiphany"" state, enemy targets take 20% increased DMG. And at the start of every turn or when they get defeated, regenerates 8 Energy for Black Swan. Linnutee Flyway Ultimate Lv. +2 , up to a maximum of Lv. 15. Basic ATK Lv. +1 , up to a maximum of Lv. 10. Pantheon Merciful, Masses Pitiful The upper limit of stackable ""Arcana"" increases by 30 . When an enemy target gets attacked by Black Swan's teammates, Black Swan has a 65% base chance of inflicting 1 stack of ""Arcana"" on the target. For every 1 stack of ""Arcana"" Black Swan inflicts on an enemy target, additionally increases the number of ""Arcana"" stacked this time by 1 ."
Black Swan,black-swan,E2,2,"While Black Swan is active in combat, enemies afflicted with Wind Shear, Bleed, Burn, or Shock will have their corresponding Wind, Physical, Fire, or Lightning RES respectively reduced by","While Black Swan is active in combat, enemies afflicted with Wind Shear, Bleed, Burn, or Shock will have their corresponding Wind, Physical, Fire, or Lightning RES respectively reduced by 25% . 25% ."
Black Swan,black-swan,E3,3,"When enemy targets enter combat, there is a","When enemy targets enter combat, there is a 100% base chance to inflict 30 stack(s) of ""Arcana"" on them. 100% base chance to inflict 30 stack(s) of ""Arcana"" on them."
Black Swan,black-swan,E4,4,Skill Lv.,"Skill Lv. +2 , up to a maximum of Lv. 15. Talent Lv. +2 , up to a maximum of Lv. 15. +2 , up to a maximum of Lv. 15. Talent Lv. +2 , up to a maximum of Lv. 15."
Black Swan,black-swan,E5,5,"While in the ""Epiphany"" state, enemy targets take","While in the ""Epiphany"" state, enemy targets take 20% increased DMG. And at the start of every turn or when they get defeated, regenerates 8 Energy for Black Swan. 20% increased DMG. And at the start of every turn or when they get defeated, regenerates 8 Energy for Black Swan."
Black Swan,black-swan,E6,6,Ultimate Lv.,"Ultimate Lv. +2 , up to a maximum of Lv. 15. Basic ATK Lv. +1 , up to a maximum of Lv. 10. +2 , up to a maximum of Lv. 15. Basic ATK Lv. +1 , up to a maximum of Lv. 10."
Black Swan,black-swan,E7,7,"The upper limit of stackable ""Arcana"" increases by","The upper limit of stackable ""Arcana"" increases by 30 . 30 . When an enemy target gets attacked by Black Swan's teammates, Black Swan has a 65% base chance of inflicting 1 stack of ""Arcana"" on the target. For every 1 stack of ""Arcana"" Black Swan inflicts on an enemy target, additionally increases the number of ""Arcana"" stacked this time by 1 ."
Blade,blade,E1,1,E,"Blade Cuts the Deepest in Hell 1 Blade Cuts the Deepest in Hell Eidolon 1 Blade's Enhanced Basic ATK and Ultimate deals additionally increased DMG to one designated enemy, with the increased amount equal to 150% of the tally of Blade's HP loss from his Ultimate. E 2 Ten Thousand Sorrows From One Broken Dream Eidolon 2 When Blade is in the Hellscape state, his CRIT Rate increases by 15% . E 3 Hardened Blade Bleeds Coldest Shade Eidolon 3 Ultimate Lv. +2 , up to a maximum of Lv. 15. Talent Lv. +2 , up to a maximum of Lv. 15. E 4 Rejected by Death, Infected With Life Eidolon 4 When Blade's current HP drops to 50% or lower of his Max HP, increases his Max HP by 20% . Stacks up to 2 time(s). E 5 Death By Ten Lords' Gaze Eidolon 5 Skill Lv. +2 , up to a maximum of Lv. 15. Basic ATK Lv. +1, up to a maximum of Lv. 10. E 6 Reborn Into an Empty Husk Eidolon 6 The maximum number of Charge stacks is reduced to 4 . The DMG of the follow-up attack triggered by Blade's Talent additionally increases by 50% of his Max HP."
Blade,blade,E2,2,"Blade's Enhanced Basic ATK and Ultimate deals additionally increased DMG to one designated enemy, with the increased amount equal to","Blade's Enhanced Basic ATK and Ultimate deals additionally increased DMG to one designated enemy, with the increased amount equal to 150% of the tally of Blade's HP loss from his Ultimate. 150% of the tally of Blade's HP loss from his Ultimate."
Blade,blade,E3,3,"When Blade is in the Hellscape state, his CRIT Rate increases by","When Blade is in the Hellscape state, his CRIT Rate increases by 15% . 15% ."
Blade,blade,E4,4,Ultimate Lv.,"Ultimate Lv. +2 , up to a maximum of Lv. 15. Talent Lv. +2 , up to a maximum of Lv. 15. +2 , up to a maximum of Lv. 15. Talent Lv. +2 , up to a maximum of Lv. 15."
Blade,blade,E5,5,"When Blade's current HP drops to 50% or lower of his Max HP, increases his Max HP by","When Blade's current HP drops to 50% or lower of his Max HP, increases his Max HP by 20% . Stacks up to 2 time(s). 20% . Stacks up to 2 time(s)."
Blade,blade,E6,6,Skill Lv.,"Skill Lv. +2 , up to a maximum of Lv. 15. Basic ATK Lv. +1, up to a maximum of Lv. 10. +2 , up to a maximum of Lv. 15. Basic ATK Lv. +1, up to a maximum of Lv. 10."
Blade,blade,E7,7,The maximum number of Charge stacks is reduced to,The maximum number of Charge stacks is reduced to 4 . The DMG of the follow-up attack triggered by Blade's Talent additionally increases by 50% of his Max HP. 4 . The DMG of the follow-up attack triggered by Blade's Talent additionally increases by 50% of his Max HP.
Boothill,boothill,E1,1,E,"Dusty Trail's Lone Star 1 Dusty Trail's Lone Star Eidolon 1 When the battle starts, obtains 1 stack of Pocket Trickshot. When Boothill deals DMG, ignores 16% of the enemy target's DEF E 2 Milestonemonger Eidolon 2 When in Standoff and gaining Pocket Trickshot, recovers 1 Skill Point(s) and increases Break Effect by 30% , lasting for 2 turn(s). Can also trigger this effect when gaining Pocket Trickshot stacks that exceed the max limit. But cannot trigger repeatedly within one turn. E 3 Marble Orchard's Guard Eidolon 3 Ultimate Lv. +2 , up to a maximum of Lv. 15. Basic ATK Lv. +1 , up to a maximum of Lv. 10. E 4 Cold Cuts Chef Eidolon 4 When the enemy target in the Standoff is attacked by Boothill, the DMG they receive additionally increases by 12% . When Boothill is attacked by the enemy target in the Standoff, the effect of him receiving increased DMG is offset by 12% . E 5 Stump Speech Eidolon 5 Skill Lv. +2 , up to a maximum of Lv. 15. Talent Lv. +2 , up to a maximum of Lv. 15. E 6 Crowbar Hotel's Raccoon Eidolon 6 When triggering the Talent's Break DMG, additionally deals Break DMG to the target equal to 40% of the original DMG multiplier and additionally deals Break DMG to adjacent targets equal to 70% of the original DMG multiplier."
Boothill,boothill,E2,2,"When the battle starts, obtains 1 stack of Pocket Trickshot. When Boothill deals DMG, ignores","When the battle starts, obtains 1 stack of Pocket Trickshot. When Boothill deals DMG, ignores 16% of the enemy target's DEF 16% of the enemy target's DEF"
Boothill,boothill,E3,3,"When in Standoff and gaining Pocket Trickshot, recovers","When in Standoff and gaining Pocket Trickshot, recovers 1 Skill Point(s) and increases Break Effect by 30% , lasting for 2 turn(s). Can also trigger this effect when gaining Pocket Trickshot stacks that exceed the max limit. But cannot trigger repeatedly within one turn. 1 Skill Point(s) and increases Break Effect by 30% , lasting for 2 turn(s). Can also trigger this effect when gaining Pocket Trickshot stacks that exceed the max limit. But cannot trigger repeatedly within one turn."
Boothill,boothill,E4,4,Ultimate Lv.,"Ultimate Lv. +2 , up to a maximum of Lv. 15. Basic ATK Lv. +1 , up to a maximum of Lv. 10. +2 , up to a maximum of Lv. 15. Basic ATK Lv. +1 , up to a maximum of Lv. 10."
Boothill,boothill,E5,5,"When the enemy target in the Standoff is attacked by Boothill, the DMG they receive additionally increases by","When the enemy target in the Standoff is attacked by Boothill, the DMG they receive additionally increases by 12% . When Boothill is attacked by the enemy target in the Standoff, the effect of him receiving increased DMG is offset by 12% . 12% . When Boothill is attacked by the enemy target in the Standoff, the effect of him receiving increased DMG is offset by 12% ."
Boothill,boothill,E6,6,Skill Lv.,"Skill Lv. +2 , up to a maximum of Lv. 15. Talent Lv. +2 , up to a maximum of Lv. 15. +2 , up to a maximum of Lv. 15. Talent Lv. +2 , up to a maximum of Lv. 15."
Boothill,boothill,E7,7,"When triggering the Talent's Break DMG, additionally deals Break DMG to the target equal to","When triggering the Talent's Break DMG, additionally deals Break DMG to the target equal to 40% of the original DMG multiplier and additionally deals Break DMG to adjacent targets equal to 70% of the original DMG multiplier. 40% of the original DMG multiplier and additionally deals Break DMG to adjacent targets equal to 70% of the original DMG multiplier."
Bronya,bronya,E1,1,E,"Hone Your Strength 1 Hone Your Strength Eidolon 1 Using Bronya's Skill has a 50% fixed chance of recovering 1 Skill Point. This effect has a 1 turn cooldown. E 2 Quick March Eidolon 2 When using Skill, the target ally's SPD increases by 30% after taking action, lasting for 1 turn. E 3 Bombardment Eidolon 3 Ultimate Lv. +2 , up to a maximum of Lv. 15. Talent Lv. +2 , up to a maximum of Lv. 15. E 4 Take by Surprise Eidolon 4 After an ally uses Basic ATK on an enemy with Wind Weakness , Bronya immediately launches a follow-up attack on the target, dealing Wind DMG equal to 80% of Bronya's Basic ATK DMG. This effect can only be triggered 1 time per turn. E 5 Unstoppable Eidolon 5 Skill Lv. +2 , up to a maximum of Lv. 15 . Basic ATK Lv. +1 . up to a maximum of Lv. 10 . E 6 Piercing Rainbow Eidolon 6 The duration of the DMG Boost effect placed by the Skill on the target ally increases by 1 turn(s)."
Bronya,bronya,E2,2,Using Bronya's Skill has a,Using Bronya's Skill has a 50% fixed chance of recovering 1 Skill Point. This effect has a 1 turn cooldown. 50% fixed chance of recovering 1 Skill Point. This effect has a 1 turn cooldown.
Bronya,bronya,E3,3,"When using Skill, the target ally's SPD increases by","When using Skill, the target ally's SPD increases by 30% after taking action, lasting for 1 turn. 30% after taking action, lasting for 1 turn."
Bronya,bronya,E4,4,Ultimate Lv.,"Ultimate Lv. +2 , up to a maximum of Lv. 15. Talent Lv. +2 , up to a maximum of Lv. 15. +2 , up to a maximum of Lv. 15. Talent Lv. +2 , up to a maximum of Lv. 15."
Bronya,bronya,E5,5,After an ally uses Basic ATK on an enemy with,"After an ally uses Basic ATK on an enemy with Wind Weakness , Bronya immediately launches a follow-up attack on the target, dealing Wind DMG equal to 80% of Bronya's Basic ATK DMG. This effect can only be triggered 1 time per turn. Wind Weakness , Bronya immediately launches a follow-up attack on the target, dealing Wind DMG equal to 80% of Bronya's Basic ATK DMG. This effect can only be triggered 1 time per turn."
Bronya,bronya,E6,6,Skill Lv.,"Skill Lv. +2 , up to a maximum of Lv. 15 . Basic ATK Lv. +1 . up to a maximum of Lv. 10 . +2 , up to a maximum of Lv. 15 . Basic ATK Lv. +1 . up to a maximum of Lv. 10 ."
Bronya,bronya,E7,7,The duration of the DMG Boost effect placed by the Skill on the target ally increases by,The duration of the DMG Boost effect placed by the Skill on the target ally increases by 1 turn(s). 1 turn(s).
Castorice,castorice,E1,1,E,"Snowbound Maiden, Memory to Tomb 1 Snowbound Maiden, Memory to Tomb Eidolon 1 When the enemy target's current HP is 80%/50% or lower than this unit's Max HP, the DMG dealt with ""Boneclaw, Doomdrake's Embrace,"" ""Claw Splits the Veil,"" ""Breath Scorches the Shadow,"" and ""Wings Sweep the Ruins"" is 120%/140% of the original DMG. E 2 Crown on Wings of Bloom Eidolon 2 After summoning memosprite Netherwing, Castorice gains 2 stack(s) of ""Ardent Will."" A maximum of 2 stacks of ""Ardent Will"" can be possessed at any given time, and can be used to offset Netherwing's HP consumption when using Memosprite Skill ""Breath Scorches the Shadow"" while advancing Castorice's action by 100% . In the next usage of Enhanced Skill, Castorice gains 30% of maximum ""Newbud"" points. E 3 Pious Pilgrim, Dance in Doom Eidolon 3 Ultimate Lv. +2 , up to a maximum of Lv. 15. Basic ATK Lv. +1 , up to a maximum of Lv. 10. Memosprite Talent Lv. +1 , up to a maximum of Lv. 10. E 4 Rest in Songs of Gloom Eidolon 4 While Castorice is on the battlefield, all allies' Incoming Healing increases by 20% when having their HP restored. E 5 Pristine Pages, Prophecy as Plume Eidolon 5 Skill Lv. +2 , up to a maximum of Lv. 15. Talent Lv. +2 , up to a maximum of Lv. 15. Memosprite Skill Lv. +1 , up to a maximum of Lv. 10. E 6 Await for Years to Loom Eidolon 6 When Castorice or Netherwing deals DMG, increases Quantum RES PEN by 20% . When Netherwing attacks, it can ignore Weakness Type and directly reduce enemy Toughness. When it inflicts Weakness Break, triggers the Quantum Weakness Break effect. Additionally increases the Bounce count for Netherwing's Talent ""Wings Sweep the Ruins"" by 3 time(s)."
Castorice,castorice,E2,2,When the enemy target's current HP is,"When the enemy target's current HP is 80%/50% or lower than this unit's Max HP, the DMG dealt with ""Boneclaw, Doomdrake's Embrace,"" ""Claw Splits the Veil,"" ""Breath Scorches the Shadow,"" and ""Wings Sweep the Ruins"" is 120%/140% of the original DMG. 80%/50% or lower than this unit's Max HP, the DMG dealt with ""Boneclaw, Doomdrake's Embrace,"" ""Claw Splits the Veil,"" ""Breath Scorches the Shadow,"" and ""Wings Sweep the Ruins"" is 120%/140% of the original DMG."
Castorice,castorice,E3,3,"After summoning memosprite Netherwing, Castorice gains","After summoning memosprite Netherwing, Castorice gains 2 stack(s) of ""Ardent Will."" A maximum of 2 stacks of ""Ardent Will"" can be possessed at any given time, and can be used to offset Netherwing's HP consumption when using Memosprite Skill ""Breath Scorches the Shadow"" while advancing Castorice's action by 100% . In the next usage of Enhanced Skill, Castorice gains 30% of maximum ""Newbud"" points. 2 stack(s) of ""Ardent Will."" A maximum of 2 stacks of ""Ardent Will"" can be possessed at any given time, and can be used to offset Netherwing's HP consumption when using Memosprite Skill ""Breath Scorches the Shadow"" while advancing Castorice's action by 100% . In the next usage of Enhanced Skill, Castorice gains 30% of maximum ""Newbud"" points."
Castorice,castorice,E4,4,Ultimate Lv.,"Ultimate Lv. +2 , up to a maximum of Lv. 15. Basic ATK Lv. +1 , up to a maximum of Lv. 10. Memosprite Talent Lv. +1 , up to a maximum of Lv. 10. +2 , up to a maximum of Lv. 15. Basic ATK Lv. +1 , up to a maximum of Lv. 10. Memosprite Talent Lv. +1 , up to a maximum of Lv. 10."
Castorice,castorice,E5,5,"While Castorice is on the battlefield, all allies' Incoming Healing increases by","While Castorice is on the battlefield, all allies' Incoming Healing increases by 20% when having their HP restored. 20% when having their HP restored."
Castorice,castorice,E6,6,Skill Lv.,"Skill Lv. +2 , up to a maximum of Lv. 15. Talent Lv. +2 , up to a maximum of Lv. 15. Memosprite Skill Lv. +1 , up to a maximum of Lv. 10. +2 , up to a maximum of Lv. 15. Talent Lv. +2 , up to a maximum of Lv. 15. Memosprite Skill Lv. +1 , up to a maximum of Lv. 10."
Castorice,castorice,E7,7,"When Castorice or Netherwing deals DMG, increases Quantum RES PEN by","When Castorice or Netherwing deals DMG, increases Quantum RES PEN by 20% . When Netherwing attacks, it can ignore Weakness Type and directly reduce enemy Toughness. When it inflicts Weakness Break, triggers the Quantum Weakness Break effect. Additionally increases the Bounce count for Netherwing's Talent ""Wings Sweep the Ruins"" by 3 time(s). 20% . When Netherwing attacks, it can ignore Weakness Type and directly reduce enemy Toughness. When it inflicts Weakness Break, triggers the Quantum Weakness Break effect. Additionally increases the Bounce count for Netherwing's Talent ""Wings Sweep the Ruins"" by 3 time(s)."
Cerydra,cerydra,E1,1,E,"Seize the Crowns of All 1 Seize the Crowns of All Eidolon 1 The character with ""Military Merit"" ignores 16% of the targets' DEF when dealing DMG. If ""Military Merit"" has been upgraded to ""Peerage,"" then the character additionally ignores 20% of the targets' DEF when dealing Skill DMG. When Cerydra uses her Skill, regenerates 2 Energy for the designated ally target. E 2 Forge the Dreams of Many Eidolon 2 The character with ""Military Merit"" deals 40% increased DMG. While a teammate on the field has ""Military Merit,"" Cerydra's DMG dealt increases by 160% . E 3 Torch the Laws of Old Eidolon 3 Skill Lv. +2 , up to a maximum of Lv. 15. Basic ATK Lv. +1 , up to a maximum of Lv. 10. E 4 Remake the Realms of Men Eidolon 4 Increases Ultimate's DMG multiplier by 240% . E 5 Help and Hurt Repaid in Full Eidolon 5 Ultimate Lv. +2 , up to a maximum of Lv. 15. Talent Lv. +2 , up to a maximum of Lv. 15. E 6 A Journey Set Starward Eidolon 6 The character with ""Military Merit"" increases their All-Type RES PEN by 20% , and the multiplier for the Additional DMG triggered via ""Military Merit"" increases by 300% . While a teammate on the field has ""Military Merit,"" Cerydra's All-Type RES PEN increases by 20% ."
Cerydra,cerydra,E2,2,"The character with ""Military Merit"" ignores","The character with ""Military Merit"" ignores 16% of the targets' DEF when dealing DMG. If ""Military Merit"" has been upgraded to ""Peerage,"" then the character additionally ignores 20% of the targets' DEF when dealing Skill DMG. When Cerydra uses her Skill, regenerates 2 Energy for the designated ally target. 16% of the targets' DEF when dealing DMG. If ""Military Merit"" has been upgraded to ""Peerage,"" then the character additionally ignores 20% of the targets' DEF when dealing Skill DMG. When Cerydra uses her Skill, regenerates 2 Energy for the designated ally target."
Cerydra,cerydra,E3,3,"The character with ""Military Merit"" deals","The character with ""Military Merit"" deals 40% increased DMG. While a teammate on the field has ""Military Merit,"" Cerydra's DMG dealt increases by 160% . 40% increased DMG. While a teammate on the field has ""Military Merit,"" Cerydra's DMG dealt increases by 160% ."
Cerydra,cerydra,E4,4,Skill Lv.,"Skill Lv. +2 , up to a maximum of Lv. 15. Basic ATK Lv. +1 , up to a maximum of Lv. 10. +2 , up to a maximum of Lv. 15. Basic ATK Lv. +1 , up to a maximum of Lv. 10."
Cerydra,cerydra,E5,5,Increases Ultimate's DMG multiplier by,Increases Ultimate's DMG multiplier by 240% . 240% .
Cerydra,cerydra,E6,6,Ultimate Lv.,"Ultimate Lv. +2 , up to a maximum of Lv. 15. Talent Lv. +2 , up to a maximum of Lv. 15. +2 , up to a maximum of Lv. 15. Talent Lv. +2 , up to a maximum of Lv. 15."
Cerydra,cerydra,E7,7,"The character with ""Military Merit"" increases their All-Type RES PEN by","The character with ""Military Merit"" increases their All-Type RES PEN by 20% , and the multiplier for the Additional DMG triggered via ""Military Merit"" increases by 300% . While a teammate on the field has ""Military Merit,"" Cerydra's All-Type RES PEN increases by 20% . 20% , and the multiplier for the Additional DMG triggered via ""Military Merit"" increases by 300% . While a teammate on the field has ""Military Merit,"" Cerydra's All-Type RES PEN increases by 20% ."
Cipher,cipher,E1,1,E,"Read the Room, Seek the Glee 1 Read the Room, Seek the Glee Eidolon 1 Cipher's recorded DMG is 150% of the original recorded DMG value. When using a Follow-up ATK caused by her Talent, increases Cipher's ATK by 80% for 2 turn(s). E 2 In the Fray, Nab On a Spree Eidolon 2 When Cipher hits an enemy target, there is a 120% base chance of causing them to receive 30% more DMG, lasting 2 turn(s). E 3 From Thin Air, Hard to Foresee Eidolon 3 Ultimate Lv. +2 , up to a maximum of Lv. 15. Basic ATK Lv. +1, up to a maximum of Lv. 10. E 4 The Jig Is Up, Quick to Flee Eidolon 4 After ""Patron"" is attacked by an ally target, Cipher deals Quantum Additional DMG equal to 50% of Cipher's ATK to it. E 5 Safe in Numbers, Light as a Bee Eidolon 5 Skill Lv. +2 , up to a maximum of Lv. 15. Talent Lv. +2 , up to a maximum of Lv. 15. E 6 The Thief's Game, Unsung and Free Eidolon 6 Increases DMG dealt by Follow-up ATKs caused by Cipher's Talent by 350% . Records an additional 16% of non-Overflow DMG dealt by this ATK. After resetting the record upon using her Ultimate, returns 20% of the reset record"
Cipher,cipher,E2,2,Cipher's recorded DMG is,"Cipher's recorded DMG is 150% of the original recorded DMG value. When using a Follow-up ATK caused by her Talent, increases Cipher's ATK by 80% for 2 turn(s). 150% of the original recorded DMG value. When using a Follow-up ATK caused by her Talent, increases Cipher's ATK by 80% for 2 turn(s)."
Cipher,cipher,E3,3,"When Cipher hits an enemy target, there is a","When Cipher hits an enemy target, there is a 120% base chance of causing them to receive 30% more DMG, lasting 2 turn(s). 120% base chance of causing them to receive 30% more DMG, lasting 2 turn(s)."
Cipher,cipher,E4,4,Ultimate Lv.,"Ultimate Lv. +2 , up to a maximum of Lv. 15. Basic ATK Lv. +1, up to a maximum of Lv. 10. +2 , up to a maximum of Lv. 15. Basic ATK Lv. +1, up to a maximum of Lv. 10."
Cipher,cipher,E5,5,"After ""Patron"" is attacked by an ally target, Cipher deals Quantum Additional DMG equal to","After ""Patron"" is attacked by an ally target, Cipher deals Quantum Additional DMG equal to 50% of Cipher's ATK to it. 50% of Cipher's ATK to it."
Cipher,cipher,E6,6,Skill Lv.,"Skill Lv. +2 , up to a maximum of Lv. 15. Talent Lv. +2 , up to a maximum of Lv. 15. +2 , up to a maximum of Lv. 15. Talent Lv. +2 , up to a maximum of Lv. 15."
Cipher,cipher,E7,7,Increases DMG dealt by Follow-up ATKs caused by Cipher's Talent by,"Increases DMG dealt by Follow-up ATKs caused by Cipher's Talent by 350% . Records an additional 16% of non-Overflow DMG dealt by this ATK. After resetting the record upon using her Ultimate, returns 20% of the reset record 350% . Records an additional 16% of non-Overflow DMG dealt by this ATK. After resetting the record upon using her Ultimate, returns 20% of the reset record"
Clara,clara,E1,1,E,"A Tall Figure 1 A Tall Figure Eidolon 1 Using Skill will not remove Marks of Counter on the enemy. E 2 A Tight Embrace Eidolon 2 After using the Ultimate, ATK increases by 30% for 2 turn(s). E 3 Cold Steel Armor Eidolon 3 Skill Lv. +2 , up to a maximum of Lv. 15 . Basic ATK Lv. +1 . up to a maximum of Lv. 10 . E 4 Family’s Warmth Eidolon 4 After Clara is hit, the DMG taken by Clara is reduced by 30% . This effect lasts until the start of her next turn. E 5 A Small Promise Eidolon 5 Ultimate Lv. +2 , up to a maximum of Lv. 15. Talent Lv. +2 , up to a maximum of Lv. 15. E 6 Long Company Eidolon 6 After other allies are hit, Svarog also has a 50% fixed chance to trigger a Counter on the attacker and mark them with a Mark of Counter. When using Ultimate, the number of Enhanced Counters increases by 1 ."
Clara,clara,E2,2,,Using Skill will not remove Marks of Counter on the enemy.
Clara,clara,E3,3,"After using the Ultimate, ATK increases by","After using the Ultimate, ATK increases by 30% for 2 turn(s). 30% for 2 turn(s)."
Clara,clara,E4,4,Skill Lv.,"Skill Lv. +2 , up to a maximum of Lv. 15 . Basic ATK Lv. +1 . up to a maximum of Lv. 10 . +2 , up to a maximum of Lv. 15 . Basic ATK Lv. +1 . up to a maximum of Lv. 10 ."
Clara,clara,E5,5,"After Clara is hit, the DMG taken by Clara is reduced by","After Clara is hit, the DMG taken by Clara is reduced by 30% . This effect lasts until the start of her next turn. 30% . This effect lasts until the start of her next turn."
Clara,clara,E6,6,Ultimate Lv.,"Ultimate Lv. +2 , up to a maximum of Lv. 15. Talent Lv. +2 , up to a maximum of Lv. 15. +2 , up to a maximum of Lv. 15. Talent Lv. +2 , up to a maximum of Lv. 15."
Clara,clara,E7,7,"After other allies are hit, Svarog also has a","After other allies are hit, Svarog also has a 50% fixed chance to trigger a Counter on the attacker and mark them with a Mark of Counter. When using Ultimate, the number of Enhanced Counters increases by 1 . 50% fixed chance to trigger a Counter on the attacker and mark them with a Mark of Counter. When using Ultimate, the number of Enhanced Counters increases by 1 ."
Cyrene,cyrene,E1,1,E,"Epics, Born on a Blank Slate 1 Epics, Born on a Blank Slate Eidolon 1 When ███ triggers the Memosprite Skill ""Ode to ██"" while using ""Minuet of Blooms and Plumes,"" gains 6 ""Recollection"" point(s) and increases the number of bounces for this attack by 12 . E 2 A Tomorrow in Thirteen Shades Eidolon 2 When entering combat, additionally gains 12 ""Recollection"" point(s). For each different ally character that gains the Memosprite Skill buff from ███, the DMG multiplier of the True DMG dealt by ally targets via the Skill's Zone increases by 6% , up to a max increase of 24% . E 3 By Thy Being, As I've Written Eidolon 3 Ultimate Lv. +2 , up to a maximum of Lv. 15. Talent Lv. +2 , up to a maximum of Lv. 15. Memosprite Skill Lv. +1 , up to a maximum of Lv. 10. E 4 Please Write On, With a Smile Eidolon 4 Each time after ███ uses ""Minuet of Blooms and Plumes,"" the Bounce DMG multiplier of the triggered Memosprite Skill ""Ode to ██"" increases by 6% in the current battle and can be stacked up to 24 times. E 5 Gaze, Steeped in Yesterbloom Eidolon 5 Skill Lv. +2 , up to a maximum of Lv. 15. Basic ATK Lv. +1 , up to a maximum of Lv. 10. Memosprite Talent Lv. +1 , up to a maximum of Lv. 10. E 6 Remembrance, Sung in Ripples ♪ Eidolon 6 When Cyrene uses her Ultimate for the first time, all allies' actions advance by 100% . Each time when ███ triggers the Memosprite Skill ""Ode to ██"" and uses ""Minuet of Blooms and Plumes,"" based on the number of times it has been triggered, gains the following effects: 1 time: When ███ is on the field, reduces all enemy targets' DEF by 20% . 2 times and more: Advances all allies' actions by 24% ."
Cyrene,cyrene,E2,2,"When ███ triggers the Memosprite Skill ""Ode to ██"" while using ""Minuet of Blooms and Plumes,"" gains","When ███ triggers the Memosprite Skill ""Ode to ██"" while using ""Minuet of Blooms and Plumes,"" gains 6 ""Recollection"" point(s) and increases the number of bounces for this attack by 12 . 6 ""Recollection"" point(s) and increases the number of bounces for this attack by 12 ."
Cyrene,cyrene,E3,3,"When entering combat, additionally gains","When entering combat, additionally gains 12 ""Recollection"" point(s). For each different ally character that gains the Memosprite Skill buff from ███, the DMG multiplier of the True DMG dealt by ally targets via the Skill's Zone increases by 6% , up to a max increase of 24% . 12 ""Recollection"" point(s). For each different ally character that gains the Memosprite Skill buff from ███, the DMG multiplier of the True DMG dealt by ally targets via the Skill's Zone increases by 6% , up to a max increase of 24% ."
Cyrene,cyrene,E4,4,Ultimate Lv.,"Ultimate Lv. +2 , up to a maximum of Lv. 15. Talent Lv. +2 , up to a maximum of Lv. 15. Memosprite Skill Lv. +1 , up to a maximum of Lv. 10. +2 , up to a maximum of Lv. 15. Talent Lv. +2 , up to a maximum of Lv. 15. Memosprite Skill Lv. +1 , up to a maximum of Lv. 10."
Cyrene,cyrene,E5,5,"Each time after ███ uses ""Minuet of Blooms and Plumes,"" the Bounce DMG multiplier of the triggered Memosprite Skill ""Ode to ██"" increases by","Each time after ███ uses ""Minuet of Blooms and Plumes,"" the Bounce DMG multiplier of the triggered Memosprite Skill ""Ode to ██"" increases by 6% in the current battle and can be stacked up to 24 times. 6% in the current battle and can be stacked up to 24 times."
Cyrene,cyrene,E6,6,Skill Lv.,"Skill Lv. +2 , up to a maximum of Lv. 15. Basic ATK Lv. +1 , up to a maximum of Lv. 10. Memosprite Talent Lv. +1 , up to a maximum of Lv. 10. +2 , up to a maximum of Lv. 15. Basic ATK Lv. +1 , up to a maximum of Lv. 10. Memosprite Talent Lv. +1 , up to a maximum of Lv. 10."
Cyrene,cyrene,E7,7,"When Cyrene uses her Ultimate for the first time, all allies' actions advance by","When Cyrene uses her Ultimate for the first time, all allies' actions advance by 100% . Each time when ███ triggers the Memosprite Skill ""Ode to ██"" and uses ""Minuet of Blooms and Plumes,"" based on the number of times it has been triggered, gains the following effects: 100% . Each time when ███ triggers the Memosprite Skill ""Ode to ██"" and uses ""Minuet of Blooms and Plumes,"" based on the number of times it has been triggered, gains the following effects: 1 time: When ███ is on the field, reduces all enemy targets' DEF by 20% . 2 times and more: Advances all allies' actions by 24% ."
Dan Heng,dan-heng,E1,1,E,"The Higher You Fly, the Harder You Fall 1 The Higher You Fly, the Harder You Fall Eidolon 1 When the target enemy's current HP percentage is greater than or equal to 50% , CRIT Rate increases by 12% . E 2 Quell the Venom Octet, Quench the Vice O'Flame Eidolon 2 Reduces Talent cooldown by 1 turn. E 3 Seen and Unseen Eidolon 3 Skill Lv. +2 , up to a maximum of Lv. 15 . Basic ATK Lv. +1 . up to a maximum of Lv. 10 . E 4 Roaring Dragon and Soaring Sun Eidolon 4 When Dan Heng uses his Ultimate to defeat an enemy, his next action is Advanced Forward by 100% . E 5 A Drop of Rain Feeds a Torrent Eidolon 5 Ultimate Lv. +2 , up to a maximum of Lv. 15 . Talent Lv. +2 , up to a maximum of Lv. 15 . E 6 The Troubled Soul Lies in Wait Eidolon 6 The Slow state triggered by Skill reduces the enemy's SPD by an extra 8% ."
Dan Heng,dan-heng,E2,2,When the target enemy's current HP percentage is greater than or equal to,"When the target enemy's current HP percentage is greater than or equal to 50% , CRIT Rate increases by 12% . 50% , CRIT Rate increases by 12% ."
Dan Heng,dan-heng,E3,3,Reduces Talent cooldown by,Reduces Talent cooldown by 1 turn. 1 turn.
Dan Heng,dan-heng,E4,4,Skill Lv.,"Skill Lv. +2 , up to a maximum of Lv. 15 . Basic ATK Lv. +1 . up to a maximum of Lv. 10 . +2 , up to a maximum of Lv. 15 . Basic ATK Lv. +1 . up to a maximum of Lv. 10 ."
Dan Heng,dan-heng,E5,5,"When Dan Heng uses his Ultimate to defeat an enemy, his next action is Advanced Forward by","When Dan Heng uses his Ultimate to defeat an enemy, his next action is Advanced Forward by 100% . 100% ."
Dan Heng,dan-heng,E6,6,Ultimate Lv.,"Ultimate Lv. +2 , up to a maximum of Lv. 15 . Talent Lv. +2 , up to a maximum of Lv. 15 . +2 , up to a maximum of Lv. 15 . Talent Lv. +2 , up to a maximum of Lv. 15 ."
Dan Heng,dan-heng,E7,7,The Slow state triggered by Skill reduces the enemy's SPD by an extra,The Slow state triggered by Skill reduces the enemy's SPD by an extra 8% . 8% .
Dan Heng • Imbibitor Lunae,imbibitor-lunae,E1,1,E,"Tethered to Sky 1 Tethered to Sky Eidolon 1 Increases the stackable Righteous Heart count by 4 , and gains 1 extra stack of Righteous Heart for each hit during an attack. E 2 Imperium On Cloud Nine Eidolon 2 After using his Ultimate, Dan Heng • Imbibitor Lunae's action is Advanced Forward by 100% and gains 1 extra Squama Sacrosancta. E 3 Clothed in Clouds Eidolon 3 Skill Lv. +2 , up to a maximum of Lv. 15. Basic ATK Lv. +1 , up to a maximum of Lv. 10. E 4 Zephyr's Bliss Eidolon 4 The buff effect granted by Outroar lasts until the end of this character's next turn. E 5 Fall is the Pride Eidolon 5 Ultimate Lv. +2 , up to a maximum of Lv. 15. Talent Lv. +2 , up to a maximum of Lv. 15. E 6 Reign, Returned Eidolon 6 After any other ally uses their Ultimate, the Imaginary RES PEN of Dan Heng • Imbibitor Lunae's next Fulgurant Leap attack increases by 20% , up to 3 stacks."
Dan Heng • Imbibitor Lunae,imbibitor-lunae,E2,2,Increases the stackable Righteous Heart count by,"Increases the stackable Righteous Heart count by 4 , and gains 1 extra stack of Righteous Heart for each hit during an attack. 4 , and gains 1 extra stack of Righteous Heart for each hit during an attack."
Dan Heng • Imbibitor Lunae,imbibitor-lunae,E3,3,"After using his Ultimate, Dan Heng • Imbibitor Lunae's action is Advanced Forward by","After using his Ultimate, Dan Heng • Imbibitor Lunae's action is Advanced Forward by 100% and gains 1 extra Squama Sacrosancta. 100% and gains 1 extra Squama Sacrosancta."
Dan Heng • Imbibitor Lunae,imbibitor-lunae,E4,4,Skill Lv.,"Skill Lv. +2 , up to a maximum of Lv. 15. Basic ATK Lv. +1 , up to a maximum of Lv. 10. +2 , up to a maximum of Lv. 15. Basic ATK Lv. +1 , up to a maximum of Lv. 10."
Dan Heng • Imbibitor Lunae,imbibitor-lunae,E5,5,,The buff effect granted by Outroar lasts until the end of this character's next turn.
Dan Heng • Imbibitor Lunae,imbibitor-lunae,E6,6,Ultimate Lv.,"Ultimate Lv. +2 , up to a maximum of Lv. 15. Talent Lv. +2 , up to a maximum of Lv. 15. +2 , up to a maximum of Lv. 15. Talent Lv. +2 , up to a maximum of Lv. 15."
Dan Heng • Imbibitor Lunae,imbibitor-lunae,E7,7,"After any other ally uses their Ultimate, the","After any other ally uses their Ultimate, the Imaginary RES PEN of Dan Heng • Imbibitor Lunae's next Fulgurant Leap attack increases by 20% , up to 3 stacks. Imaginary RES PEN of Dan Heng • Imbibitor Lunae's next Fulgurant Leap attack increases by 20% , up to 3 stacks."
Dan Heng • Permansor Terrae,dan-heng-permansor-terrae,E1,1,E,"Shed Scales of Old 1 Shed Scales of Old Eidolon 1 When Dan Heng • Permansor Terrae uses Ultimate, recovers 1 Skill Point(s) and increases the ""Bondmate's"" All-Type RES PEN by 18% , lasting for 3 turn(s). E 2 Watch Trails to Blaze Eidolon 2 Additionally increases the number of actions for the enhanced Souldragon from Ultimate by 2 . After Dan Heng • Permansor Terrae uses Ultimate, Souldragon advances action by 100% . When the enhanced ""Souldragon"" takes action, the Additional DMG dealt by the ""Bondmate"" becomes 200% of its original DMG, and the Shield Effect provided in this instance becomes 200% of its original Shield Effect. E 3 Bear Weight of Worlds Eidolon 3 Ultimate Lv. +2 , up to a maximum of Lv. 15. Basic ATK Lv. +1 , up to a maximum of Lv. 10. E 4 By Oath, This Vessel Is I Eidolon 4 Reduces the DMG taken by the ""Bondmate"" by 20% . E 5 The Path of Permanence Sweeps Far Eidolon 5 Skill Lv. +2 , up to a maximum of Lv. 15. Talent Lv. +2 , up to a maximum of Lv. 15. E 6 One Dream to Enfold All Wilds Eidolon 6 When the ""Bondmate"" is on the field, increases the DMG taken by all enemies by 20% . When the ""Bondmate"" deals DMG, ignores 12% of the enemy targets' DEF. When Dan Heng • Permansor Terrae uses Ultimate, the ""Bondmate"" will deal Additional DMG of the Bondmate's Type to all enemies, equal to 330% of the Bondmate's ATK."
Dan Heng • Permansor Terrae,dan-heng-permansor-terrae,E2,2,"When Dan Heng • Permansor Terrae uses Ultimate, recovers","When Dan Heng • Permansor Terrae uses Ultimate, recovers 1 Skill Point(s) and increases the ""Bondmate's"" All-Type RES PEN by 18% , lasting for 3 turn(s). 1 Skill Point(s) and increases the ""Bondmate's"" All-Type RES PEN by 18% , lasting for 3 turn(s)."
Dan Heng • Permansor Terrae,dan-heng-permansor-terrae,E3,3,Additionally increases the number of actions for the enhanced Souldragon from Ultimate by,"Additionally increases the number of actions for the enhanced Souldragon from Ultimate by 2 . After Dan Heng • Permansor Terrae uses Ultimate, Souldragon advances action by 100% . When the enhanced ""Souldragon"" takes action, the Additional DMG dealt by the ""Bondmate"" becomes 200% of its original DMG, and the Shield Effect provided in this instance becomes 200% of its original Shield Effect. 2 . After Dan Heng • Permansor Terrae uses Ultimate, Souldragon advances action by 100% . When the enhanced ""Souldragon"" takes action, the Additional DMG dealt by the ""Bondmate"" becomes 200% of its original DMG, and the Shield Effect provided in this instance becomes 200% of its original Shield Effect."
Dan Heng • Permansor Terrae,dan-heng-permansor-terrae,E4,4,Ultimate Lv.,"Ultimate Lv. +2 , up to a maximum of Lv. 15. Basic ATK Lv. +1 , up to a maximum of Lv. 10. +2 , up to a maximum of Lv. 15. Basic ATK Lv. +1 , up to a maximum of Lv. 10."
Dan Heng • Permansor Terrae,dan-heng-permansor-terrae,E5,5,"Reduces the DMG taken by the ""Bondmate"" by","Reduces the DMG taken by the ""Bondmate"" by 20% . 20% ."
Dan Heng • Permansor Terrae,dan-heng-permansor-terrae,E6,6,Skill Lv.,"Skill Lv. +2 , up to a maximum of Lv. 15. Talent Lv. +2 , up to a maximum of Lv. 15. +2 , up to a maximum of Lv. 15. Talent Lv. +2 , up to a maximum of Lv. 15."
Dan Heng • Permansor Terrae,dan-heng-permansor-terrae,E7,7,"When the ""Bondmate"" is on the field, increases the DMG taken by all enemies by","When the ""Bondmate"" is on the field, increases the DMG taken by all enemies by 20% . When the ""Bondmate"" deals DMG, ignores 12% of the enemy targets' DEF. When Dan Heng • Permansor Terrae uses Ultimate, the ""Bondmate"" will deal Additional DMG of the Bondmate's Type to all enemies, equal to 330% of the Bondmate's ATK. 20% . When the ""Bondmate"" deals DMG, ignores 12% of the enemy targets' DEF. When Dan Heng • Permansor Terrae uses Ultimate, the ""Bondmate"" will deal Additional DMG of the Bondmate's Type to all enemies, equal to 330% of the Bondmate's ATK."
Dr. Ratio,dr-ratio,E1,1,E,"Pride Comes Before a Fall 1 Pride Comes Before a Fall Eidolon 1 The maximum stackable count for the Trace ""Summation"" increases by 4 . When a battle begins, immediately obtains 4 stacks of Summation. Needs to unlock Summation first. E 2 The Divine Is in the Details Eidolon 2 When his Talent's follow-up attack hits a target, for every debuff the target has, additionally deals Imaginary Additional DMG equal to 20% of Dr. Ratio's ATK. This effect can be triggered for a maximum of 4 time(s) during each follow-up attack. E 3 Know Thyself Eidolon 3 Ultimate Lv. +2 , up to a maximum of Lv. 15. Basic ATK Lv. +1 , up to a maximum of Lv. 10. E 4 Ignorance Is Blight Eidolon 4 When triggering the Talent, additionally regenerates 15 Energy for Dr. Ratio. E 5 Sic Itur Ad Astra Eidolon 5 Skill Lv. +2 , up to a maximum of Lv. 15. Talent Lv. +2 , up to a maximum of Lv. 15. E 6 Vincit Omnia Veritas Eidolon 6 Increases the trigger count for Wiseman's Folly by 1 . The DMG dealt by the Talent's follow-up attack increases by 50% ."
Dr. Ratio,dr-ratio,E2,2,"The maximum stackable count for the Trace ""Summation"" increases by","The maximum stackable count for the Trace ""Summation"" increases by 4 . When a battle begins, immediately obtains 4 stacks of Summation. Needs to unlock Summation first. 4 . When a battle begins, immediately obtains 4 stacks of Summation. Needs to unlock Summation first."
Dr. Ratio,dr-ratio,E3,3,"When his Talent's follow-up attack hits a target, for every debuff the target has, additionally deals","When his Talent's follow-up attack hits a target, for every debuff the target has, additionally deals Imaginary Additional DMG equal to 20% of Dr. Ratio's ATK. This effect can be triggered for a maximum of 4 time(s) during each follow-up attack. Imaginary Additional DMG equal to 20% of Dr. Ratio's ATK. This effect can be triggered for a maximum of 4 time(s) during each follow-up attack."
Dr. Ratio,dr-ratio,E4,4,Ultimate Lv.,"Ultimate Lv. +2 , up to a maximum of Lv. 15. Basic ATK Lv. +1 , up to a maximum of Lv. 10. +2 , up to a maximum of Lv. 15. Basic ATK Lv. +1 , up to a maximum of Lv. 10."
Dr. Ratio,dr-ratio,E5,5,"When triggering the Talent, additionally regenerates","When triggering the Talent, additionally regenerates 15 Energy for Dr. Ratio. 15 Energy for Dr. Ratio."
Dr. Ratio,dr-ratio,E6,6,Skill Lv.,"Skill Lv. +2 , up to a maximum of Lv. 15. Talent Lv. +2 , up to a maximum of Lv. 15. +2 , up to a maximum of Lv. 15. Talent Lv. +2 , up to a maximum of Lv. 15."
Dr. Ratio,dr-ratio,E7,7,Increases the trigger count for Wiseman's Folly by,Increases the trigger count for Wiseman's Folly by 1 . The DMG dealt by the Talent's follow-up attack increases by 50% . 1 . The DMG dealt by the Talent's follow-up attack increases by 50% .
Evanescia,evanescia,E1,1,E,"Home: A Prayer in Dance 1 Home: A Prayer in Dance Eidolon 1 Increases All-Type RES PEN by 20% . After ""Master Fox"" uses an attack, additionally triggers 1 instance of Elation Skill. Elation Skill additionally grants this unit 10 ""Certified Banger"" point(s). E 2 Voyage: A Wish for Everbloom Eidolon 2 CRIT DMG increases by 36% . When triggering the Certified Banger gain effect from the Trace ""Watch All Revels""/""Best All Blooms"", additionally gains ""Certified Banger"" equal to 50%/100% of the ""Certified Banger"" gained this time. E 3 Blade: A Feast on Evils Eidolon 3 Ultimate Lv. +2 , up to a maximum of Lv. 15. Basic ATK Lv. +1 , up to a maximum of Lv. 10. Elation Skill Lv. +1 , up to a maximum of Lv. 15. E 4 Meadow: A Ruin by Vice Eidolon 4 Evanescia's DMG dealt ignores 15% of the enemy targets' DEF. E 5 Arcadia: A Glimpse of Fates Eidolon 5 Skill Lv. +2 , up to a maximum of Lv. 15. Talent Lv. +2 , up to a maximum of Lv. 15. Elation Skill Lv. +1 , up to a maximum of Lv. 15. E 6 Maiden: A Step into Dreams Eidolon 6 The duration of Evanescia's ""Certified Banger"" increases by 1 turn(s). The Elation DMG dealt by Evanescia merrymakes by 15% . For every 100 points of ""Certified Banger"" held, it additionally merrymakes by 2% . Up to 1000 points of ""Certified Banger"" can be taken into account. After using Ultimate for the first time upon entering combat, regenerates a fixed amount of 120 Energy for Evanescia. This effect can trigger 1 time for every 4 more instances of Ultimate used."
Evanescia,evanescia,E2,2,Increases All-Type RES PEN by,"Increases All-Type RES PEN by 20% . After ""Master Fox"" uses an attack, additionally triggers 1 instance of Elation Skill. Elation Skill additionally grants this unit 10 ""Certified Banger"" point(s). 20% . After ""Master Fox"" uses an attack, additionally triggers 1 instance of Elation Skill. Elation Skill additionally grants this unit 10 ""Certified Banger"" point(s)."
Evanescia,evanescia,E3,3,CRIT DMG increases by,"CRIT DMG increases by 36% . When triggering the Certified Banger gain effect from the Trace ""Watch All Revels""/""Best All Blooms"", additionally gains ""Certified Banger"" equal to 50%/100% of the ""Certified Banger"" gained this time. 36% . When triggering the Certified Banger gain effect from the Trace ""Watch All Revels""/""Best All Blooms"", additionally gains ""Certified Banger"" equal to 50%/100% of the ""Certified Banger"" gained this time."
Evanescia,evanescia,E4,4,Ultimate Lv.,"Ultimate Lv. +2 , up to a maximum of Lv. 15. Basic ATK Lv. +1 , up to a maximum of Lv. 10. Elation Skill Lv. +1 , up to a maximum of Lv. 15. +2 , up to a maximum of Lv. 15. Basic ATK Lv. +1 , up to a maximum of Lv. 10. Elation Skill Lv. +1 , up to a maximum of Lv. 15."
Evanescia,evanescia,E5,5,Evanescia's DMG dealt ignores,Evanescia's DMG dealt ignores 15% of the enemy targets' DEF. 15% of the enemy targets' DEF.
Evanescia,evanescia,E6,6,Skill Lv.,"Skill Lv. +2 , up to a maximum of Lv. 15. Talent Lv. +2 , up to a maximum of Lv. 15. Elation Skill Lv. +1 , up to a maximum of Lv. 15. +2 , up to a maximum of Lv. 15. Talent Lv. +2 , up to a maximum of Lv. 15. Elation Skill Lv. +1 , up to a maximum of Lv. 15."
Evanescia,evanescia,E7,7,"The duration of Evanescia's ""Certified Banger"" increases by","The duration of Evanescia's ""Certified Banger"" increases by 1 turn(s). The Elation DMG dealt by Evanescia merrymakes by 15% . For every 100 points of ""Certified Banger"" held, it additionally merrymakes by 2% . Up to 1000 points of ""Certified Banger"" can be taken into account. After using Ultimate for the first time upon entering combat, regenerates a fixed amount of 120 Energy for Evanescia. This effect can trigger 1 time for every 4 more instances of Ultimate used. 1 turn(s). The Elation DMG dealt by Evanescia merrymakes by 15% . For every 100 points of ""Certified Banger"" held, it additionally merrymakes by 2% . Up to 1000 points of ""Certified Banger"" can be taken into account. After using Ultimate for the first time upon entering combat, regenerates a fixed amount of 120 Energy for Evanescia. This effect can trigger 1 time for every 4 more instances of Ultimate used."
Feixiao,feixiao,E1,1,E,"Skyward I Quell 1 Skyward I Quell Eidolon 1 After launching ""Boltsunder Blitz"" or ""Waraxe Skyward,"" additionally increases the Ultimate DMG dealt by Feixiao by an amount equal to 10% of the original DMG, stacking up to 5 time(s) and lasting until the end of the Ultimate action. E 2 Moonward I Wish Eidolon 2 In the Talent's effect, for every 1 instance of follow-up attack launched by ally targets, Feixiao gains 1 point of ""Flying Aureus."" This effect can trigger up to 6 time(s) per turn. E 3 Starward I Bode Eidolon 3 Ultimate Lv. +2 , up to a maximum of Lv. 15. Basic ATK Lv. +1 , up to a maximum of Lv. 10. E 4 Stormward I Hear Eidolon 4 The follow-up attack from Talent has its Toughness Reduction increased by 100% , and when it launches, increases this unit's SPD by 8% , lasting for 2 turn(s). E 5 Heavenward I Leap Eidolon 5 Skill Lv. +2 , up to a maximum of Lv. 15. Talent Lv. +2 , up to a maximum of Lv. 15. E 6 Homeward I Near Eidolon 6 Increases the All-Type RES PEN of Ultimate DMG dealt by Feixiao by 20% . Talent's follow-up attack DMG is considered as Ultimate DMG at the same time, and its DMG multiplier increases by 140% ."
Feixiao,feixiao,E2,2,"After launching ""Boltsunder Blitz"" or ""Waraxe Skyward,"" additionally increases the Ultimate DMG dealt by Feixiao by an amount equal to","After launching ""Boltsunder Blitz"" or ""Waraxe Skyward,"" additionally increases the Ultimate DMG dealt by Feixiao by an amount equal to 10% of the original DMG, stacking up to 5 time(s) and lasting until the end of the Ultimate action. 10% of the original DMG, stacking up to 5 time(s) and lasting until the end of the Ultimate action."
Feixiao,feixiao,E3,3,"In the Talent's effect, for every","In the Talent's effect, for every 1 instance of follow-up attack launched by ally targets, Feixiao gains 1 point of ""Flying Aureus."" This effect can trigger up to 6 time(s) per turn. 1 instance of follow-up attack launched by ally targets, Feixiao gains 1 point of ""Flying Aureus."" This effect can trigger up to 6 time(s) per turn."
Feixiao,feixiao,E4,4,Ultimate Lv.,"Ultimate Lv. +2 , up to a maximum of Lv. 15. Basic ATK Lv. +1 , up to a maximum of Lv. 10. +2 , up to a maximum of Lv. 15. Basic ATK Lv. +1 , up to a maximum of Lv. 10."
Feixiao,feixiao,E5,5,The follow-up attack from Talent has its Toughness Reduction increased by,"The follow-up attack from Talent has its Toughness Reduction increased by 100% , and when it launches, increases this unit's SPD by 8% , lasting for 2 turn(s). 100% , and when it launches, increases this unit's SPD by 8% , lasting for 2 turn(s)."
Feixiao,feixiao,E6,6,Skill Lv.,"Skill Lv. +2 , up to a maximum of Lv. 15. Talent Lv. +2 , up to a maximum of Lv. 15. +2 , up to a maximum of Lv. 15. Talent Lv. +2 , up to a maximum of Lv. 15."
Feixiao,feixiao,E7,7,Increases the All-Type RES PEN of Ultimate DMG dealt by Feixiao by,"Increases the All-Type RES PEN of Ultimate DMG dealt by Feixiao by 20% . Talent's follow-up attack DMG is considered as Ultimate DMG at the same time, and its DMG multiplier increases by 140% . 20% . Talent's follow-up attack DMG is considered as Ultimate DMG at the same time, and its DMG multiplier increases by 140% ."
Firefly,firefly,E1,1,E,"In Reddened Chrysalis, I Once Rest 1 In Reddened Chrysalis, I Once Rest Eidolon 1 When using the Enhanced Skill, ignores 15% of the target's DEF. The Enhanced Skill does not consume Skill Points. E 2 From Shattered Sky, I Free Fall Eidolon 2 While in the Complete Combustion state, using the Enhanced Basic ATK or the Enhanced Skill to defeat an enemy target or to Break their Weakness allows SAM to immediately gain 1 extra turn. This effect can only trigger 1 time per turn, and the trigger count resets at the start of SAM's turn. E 3 Amidst Silenced Stars, I Deep Sleep Eidolon 3 Skill Lv. +2 , up to a maximum of Lv. 15. Basic ATK Lv. +1 , up to a maximum of Lv. 10. E 4 Upon Lighted Fyrefly, I Soon Gaze Eidolon 4 While in Complete Combustion, increases SAM's Effect RES by 50% . E 5 From Undreamt Night, I Thence Shine Eidolon 5 Ultimate Lv. +2 , up to a maximum of Lv. 15. Talent Lv. +2 , up to a maximum of Lv. 15. E 6 In Finalized Morrow, I Full Bloom Eidolon 6 While in Complete Combustion, increases SAM's Fire RES PEN by 20% . When using the Enhanced Basic ATK or Enhanced Skill, increases Weakness Break Efficiency by 50% ."
Firefly,firefly,E2,2,"When using the Enhanced Skill, ignores","When using the Enhanced Skill, ignores 15% of the target's DEF. The Enhanced Skill does not consume Skill Points. 15% of the target's DEF. The Enhanced Skill does not consume Skill Points."
Firefly,firefly,E3,3,"While in the Complete Combustion state, using the Enhanced Basic ATK or the Enhanced Skill to defeat an enemy target or to Break their Weakness allows SAM to immediately gain","While in the Complete Combustion state, using the Enhanced Basic ATK or the Enhanced Skill to defeat an enemy target or to Break their Weakness allows SAM to immediately gain 1 extra turn. 1 extra turn. This effect can only trigger 1 time per turn, and the trigger count resets at the start of SAM's turn."
Firefly,firefly,E4,4,Skill Lv.,"Skill Lv. +2 , up to a maximum of Lv. 15. Basic ATK Lv. +1 , up to a maximum of Lv. 10. +2 , up to a maximum of Lv. 15. Basic ATK Lv. +1 , up to a maximum of Lv. 10."
Firefly,firefly,E5,5,"While in Complete Combustion, increases SAM's Effect RES by","While in Complete Combustion, increases SAM's Effect RES by 50% . 50% ."
Firefly,firefly,E6,6,Ultimate Lv.,"Ultimate Lv. +2 , up to a maximum of Lv. 15. Talent Lv. +2 , up to a maximum of Lv. 15. +2 , up to a maximum of Lv. 15. Talent Lv. +2 , up to a maximum of Lv. 15."
Firefly,firefly,E7,7,"While in Complete Combustion, increases SAM's Fire RES PEN by","While in Complete Combustion, increases SAM's Fire RES PEN by 20% . When using the Enhanced Basic ATK or Enhanced Skill, increases Weakness Break Efficiency by 50% . 20% . When using the Enhanced Basic ATK or Enhanced Skill, increases Weakness Break Efficiency by 50% ."
Fu Xuan,fu-xuan,E1,1,E,"Dominus Pacis 1 Dominus Pacis Eidolon 1 The Knowledge effect increases CRIT DMG by 30% . E 2 Optimus Felix Eidolon 2 If any team member is struck by a killing blow while Matrix of Prescience is active, then all allies who were struck by a killing blow during this action will not be knocked down, and 70% of their Max HP is immediately restored. This effect can trigger 1 time per battle. E 3 Apex Nexus Eidolon 3 Skill Lv. +2 , up to a maximum of Lv. 15. Talent Lv. +2 , up to a maximum of Lv. 15. E 4 Fortuna Stellaris Eidolon 4 When other allies under Matrix of Prescience are attacked, Fu Xuan regenerates 5 Energy. E 5 Arbiter Primus Eidolon 5 Ultimate Lv. +2 , up to a maximum of Lv. 15. Basic ATK Lv. +1 , up to a maximum of Lv. 10. E 6 Omnia Vita Eidolon 6 Once Matrix of Prescience is activated, it will keep a tally of the total HP lost by all team members in the current battle. Fu Xuan's Ultimate DMG will increase by 200% of this tally of HP loss. This tally is also capped at 120% of Fu Xuan's Max HP and the tally value will reset and re-accumulate after Fu Xuan's Ultimate is used."
Fu Xuan,fu-xuan,E2,2,The Knowledge effect increases CRIT DMG by,The Knowledge effect increases CRIT DMG by 30% . 30% .
Fu Xuan,fu-xuan,E3,3,"If any team member is struck by a killing blow while Matrix of Prescience is active, then all allies who were struck by a killing blow during this action will not be knocked down, and","If any team member is struck by a killing blow while Matrix of Prescience is active, then all allies who were struck by a killing blow during this action will not be knocked down, and 70% of their Max HP is immediately restored. This effect can trigger 1 time per battle. 70% of their Max HP is immediately restored. This effect can trigger 1 time per battle."
Fu Xuan,fu-xuan,E4,4,Skill Lv.,"Skill Lv. +2 , up to a maximum of Lv. 15. Talent Lv. +2 , up to a maximum of Lv. 15. +2 , up to a maximum of Lv. 15. Talent Lv. +2 , up to a maximum of Lv. 15."
Fu Xuan,fu-xuan,E5,5,"When other allies under Matrix of Prescience are attacked, Fu Xuan regenerates","When other allies under Matrix of Prescience are attacked, Fu Xuan regenerates 5 Energy. 5 Energy."
Fu Xuan,fu-xuan,E6,6,Ultimate Lv.,"Ultimate Lv. +2 , up to a maximum of Lv. 15. Basic ATK Lv. +1 , up to a maximum of Lv. 10. +2 , up to a maximum of Lv. 15. Basic ATK Lv. +1 , up to a maximum of Lv. 10."
Fu Xuan,fu-xuan,E7,7,"Once Matrix of Prescience is activated, it will keep a tally of the total HP lost by all team members in the current battle. Fu Xuan's Ultimate DMG will increase by","Once Matrix of Prescience is activated, it will keep a tally of the total HP lost by all team members in the current battle. Fu Xuan's Ultimate DMG will increase by 200% of this tally of HP loss. This tally is also capped at 120% of Fu Xuan's Max HP and the tally value will reset and re-accumulate after Fu Xuan's Ultimate is used. 200% of this tally of HP loss. This tally is also capped at 120% of Fu Xuan's Max HP and the tally value will reset and re-accumulate after Fu Xuan's Ultimate is used."
Gallagher,gallagher,E1,1,E,"Salty Dog 1 Salty Dog Eidolon 1 When Gallagher enters the battle, regenerates 20 Energy and increases Effect RES by 50% . E 2 Lion's Tail Eidolon 2 When using the Skill, removes 1 debuff(s) from a target ally. At the same time, increases their Effect RES by 30% , lasting for 2 turn(s). E 3 Corpse Reviver Eidolon 3 Skill Lv. +2 , up to a maximum of Lv. 15. Basic ATK Lv. +1 , up to a maximum of Lv. 10. E 4 Last Word Eidolon 4 Extends the duration of the Besotted state inflicted by Gallagher's Ultimate by 1 turn(s). E 5 Death in the Afternoon Eidolon 5 Ultimate Lv. +2 , up to a maximum of Lv. 15. Talent Lv. +2 , up to a maximum of Lv. 15. E 6 Blood and Sand Eidolon 6 Increases Gallagher's Break Effect by 20% and Weakness Break Efficiency by 20% ."
Gallagher,gallagher,E2,2,"When Gallagher enters the battle, regenerates","When Gallagher enters the battle, regenerates 20 Energy and increases Effect RES by 50% . 20 Energy and increases Effect RES by 50% ."
Gallagher,gallagher,E3,3,"When using the Skill, removes","When using the Skill, removes 1 debuff(s) from a target ally. At the same time, increases their Effect RES by 30% , lasting for 2 turn(s). 1 debuff(s) from a target ally. At the same time, increases their Effect RES by 30% , lasting for 2 turn(s)."
Gallagher,gallagher,E4,4,Skill Lv.,"Skill Lv. +2 , up to a maximum of Lv. 15. Basic ATK Lv. +1 , up to a maximum of Lv. 10. +2 , up to a maximum of Lv. 15. Basic ATK Lv. +1 , up to a maximum of Lv. 10."
Gallagher,gallagher,E5,5,Extends the duration of the Besotted state inflicted by Gallagher's Ultimate by,Extends the duration of the Besotted state inflicted by Gallagher's Ultimate by 1 turn(s). 1 turn(s).
Gallagher,gallagher,E6,6,Ultimate Lv.,"Ultimate Lv. +2 , up to a maximum of Lv. 15. Talent Lv. +2 , up to a maximum of Lv. 15. +2 , up to a maximum of Lv. 15. Talent Lv. +2 , up to a maximum of Lv. 15."
Gallagher,gallagher,E7,7,Increases Gallagher's Break Effect by,Increases Gallagher's Break Effect by 20% and Weakness Break Efficiency by 20% . 20% and Weakness Break Efficiency by 20% .
Gepard,gepard,E1,1,E,"Due Diligence 1 Due Diligence Eidolon 1 Base chance for Gepard's Skill to Freeze enemies increases by 35% . E 2 Lingering Cold Eidolon 2 After an enemy Frozen by Gepard's Skill is unfrozen, their SPD is reduced by 20% for 1 turn(s). E 3 Never Surrender Eidolon 3 Ultimate Lv. +2 , up to a maximum of Lv. 15. Talent Lv. +2 , up to a maximum of Lv. 15. E 4 Faith Moves Mountains Eidolon 4 When Gepard is in battle, all allies' Effect RES increases by 20% . E 5 Cold Iron Fist Eidolon 5 Skill Lv. +2 , up to a maximum of Lv. 15 . Basic ATK Lv. +1 . up to a maximum of Lv. 10 . E 6 Unyielding Determination Eidolon 6 When his Talent is triggered, Gepard's action is Advanced Forward by 100% , and he restores extra HP equal to 50% of his Max HP."
Gepard,gepard,E2,2,Base chance for Gepard's Skill to Freeze enemies increases by,Base chance for Gepard's Skill to Freeze enemies increases by 35% . 35% .
Gepard,gepard,E3,3,"After an enemy Frozen by Gepard's Skill is unfrozen, their SPD is reduced by","After an enemy Frozen by Gepard's Skill is unfrozen, their SPD is reduced by 20% for 1 turn(s). 20% for 1 turn(s)."
Gepard,gepard,E4,4,Ultimate Lv.,"Ultimate Lv. +2 , up to a maximum of Lv. 15. Talent Lv. +2 , up to a maximum of Lv. 15. +2 , up to a maximum of Lv. 15. Talent Lv. +2 , up to a maximum of Lv. 15."
Gepard,gepard,E5,5,"When Gepard is in battle, all allies' Effect RES increases by","When Gepard is in battle, all allies' Effect RES increases by 20% . 20% ."
Gepard,gepard,E6,6,Skill Lv.,"Skill Lv. +2 , up to a maximum of Lv. 15 . Basic ATK Lv. +1 . up to a maximum of Lv. 10 . +2 , up to a maximum of Lv. 15 . Basic ATK Lv. +1 . up to a maximum of Lv. 10 ."
Gepard,gepard,E7,7,"When his Talent is triggered, Gepard's action is Advanced Forward by","When his Talent is triggered, Gepard's action is Advanced Forward by 100% , and he restores extra HP equal to 50% of his Max HP. 100% , and he restores extra HP equal to 50% of his Max HP."
Gilgamesh,gilgamesh,E1,1,60%,He Who Saw the Deep
Gilgamesh,gilgamesh,E2,2,60%,"When Gilgamesh holds ""King's Acknowledgement,"" its DEF-ignoring effect also applies to other teammates, and ""King's Acknowledgement"" additionally increases Gilgamesh's ATK by 60% . When using Skill, additionally regenerates a fixed 40 Energy."
Gilgamesh,gilgamesh,E3,3,5,"When entering combat, Gilgamesh gains 5 ""Interest."" When using Ultimate, additionally gains 5 ""Interest."" The DMG multiplier of the Skill ""Gate of Babylon"" against the primary target increases by 100% , and its DMG multiplier against adjacent targets increases by 50% ."
Gilgamesh,gilgamesh,E4,4,+2,"Skill Lv. +2 , up to a maximum of Lv. 15."
Gilgamesh,gilgamesh,E5,5,20%,Gilgamesh's Energy Regeneration Rate increases by 20% .
Gilgamesh,gilgamesh,E6,6,+2,"Ultimate Lv. +2 , up to a maximum of Lv. 15."
Gilgamesh,gilgamesh,E7,7,80%,"Increases the bounce DMG multiplier of the Ultimate ""Enuma Elish"" by 80% . While Gilgamesh is on the field, increases ally characters' All-Type RES PEN by 20% . When a teammate uses Ultimate, Gilgamesh gains 1 point of ""Golden Rule,"" up to a total of 3 points. When this unit uses Ultimate, consumes all ""Golden Rule"" points, and each point of ""Golden Rule"" consumed increases the CRIT DMG for the Ultimate DMG dealt by 100% ."
Guinaifen,guinaifen,E1,1,E,"Slurping Noodles During Handstand 1 Slurping Noodles During Handstand Eidolon 1 When Skill is used, there is a 100% base chance to reduce the attacked target enemy's Effect RES by 10% for 2 turn(s). E 2 Brushing Teeth While Whistling Eidolon 2 When an enemy target is Burned, Guinaifen's Basic ATK and Skill can increase the DMG multiplier of their Burn status by 40% . E 3 Smashing Boulder on Chest Eidolon 3 Skill Lv. +2 , up to a maximum of Lv. 15. Basic ATK Lv. +1 , up to a maximum of Lv. 10. E 4 Blocking Pike with Neck Eidolon 4 Every time the Burn status inflicted by Guinaifen causes DMG, Guinaifen regenerates 2 Energy. E 5 Swallowing Sword to Stomach Eidolon 5 Ultimate Lv. +2 , up to a maximum of Lv. 15. Talent Lv. +2 , up to a maximum of Lv. 15. E 6 Catching Bullet with Hands Eidolon 6 Increases the stackable Firekiss count by 1 ."
Guinaifen,guinaifen,E2,2,"When Skill is used, there is a","When Skill is used, there is a 100% base chance to reduce the attacked target enemy's Effect RES by 10% for 2 turn(s). 100% base chance to reduce the attacked target enemy's Effect RES by 10% for 2 turn(s)."
Guinaifen,guinaifen,E3,3,"When an enemy target is Burned, Guinaifen's Basic ATK and Skill can increase the DMG multiplier of their Burn status by","When an enemy target is Burned, Guinaifen's Basic ATK and Skill can increase the DMG multiplier of their Burn status by 40% . 40% ."
Guinaifen,guinaifen,E4,4,Skill Lv.,"Skill Lv. +2 , up to a maximum of Lv. 15. Basic ATK Lv. +1 , up to a maximum of Lv. 10. +2 , up to a maximum of Lv. 15. Basic ATK Lv. +1 , up to a maximum of Lv. 10."
Guinaifen,guinaifen,E5,5,"Every time the Burn status inflicted by Guinaifen causes DMG, Guinaifen regenerates","Every time the Burn status inflicted by Guinaifen causes DMG, Guinaifen regenerates 2 Energy. 2 Energy."
Guinaifen,guinaifen,E6,6,Ultimate Lv.,"Ultimate Lv. +2 , up to a maximum of Lv. 15. Talent Lv. +2 , up to a maximum of Lv. 15. +2 , up to a maximum of Lv. 15. Talent Lv. +2 , up to a maximum of Lv. 15."
Guinaifen,guinaifen,E7,7,Increases the stackable Firekiss count by,Increases the stackable Firekiss count by 1 . 1 .
Hanya,hanya,E1,1,E,"One Heart 1 One Heart Eidolon 1 When an ally with Hanya's Ultimate's effect defeats an enemy, Hanya's action is Advanced Forward by 15% . This effect can only be triggered 1 time(s) per turn. E 2 Two Views Eidolon 2 After using the Skill, this character's SPD increases by 20% for 1 turn(s). E 3 Three Temptations Eidolon 3 Skill Lv. +2 , up to a maximum of Lv. 15. Basic ATK Lv. +1 , up to a maximum of Lv. 10. E 4 Four Truths Eidolon 4 The Ultimate's duration is additionally extended for 1 turn(s). E 5 Five Skandhas Eidolon 5 Ultimate Lv. +2 , up to a maximum of Lv. 15. Talent Lv. +2 , up to a maximum of Lv. 15. E 6 Six Reverences Eidolon 6 Increase the DMG Boost effect of the Talent by an additional 10% ."
Hanya,hanya,E2,2,"When an ally with Hanya's Ultimate's effect defeats an enemy, Hanya's action is Advanced Forward by","When an ally with Hanya's Ultimate's effect defeats an enemy, Hanya's action is Advanced Forward by 15% . This effect can only be triggered 1 time(s) per turn. 15% . This effect can only be triggered 1 time(s) per turn."
Hanya,hanya,E3,3,"After using the Skill, this character's SPD increases by","After using the Skill, this character's SPD increases by 20% for 1 turn(s). 20% for 1 turn(s)."
Hanya,hanya,E4,4,Skill Lv.,"Skill Lv. +2 , up to a maximum of Lv. 15. Basic ATK Lv. +1 , up to a maximum of Lv. 10. +2 , up to a maximum of Lv. 15. Basic ATK Lv. +1 , up to a maximum of Lv. 10."
Hanya,hanya,E5,5,The Ultimate's duration is additionally extended for,The Ultimate's duration is additionally extended for 1 turn(s). 1 turn(s).
Hanya,hanya,E6,6,Ultimate Lv.,"Ultimate Lv. +2 , up to a maximum of Lv. 15. Talent Lv. +2 , up to a maximum of Lv. 15. +2 , up to a maximum of Lv. 15. Talent Lv. +2 , up to a maximum of Lv. 15."
Hanya,hanya,E7,7,Increase the DMG Boost effect of the Talent by an additional,Increase the DMG Boost effect of the Talent by an additional 10% . 10% .
Herta,herta,E1,1,Kick You When You're Down,"Kick You When You're Down If the enemy's HP percentage is at 50% or less, Herta's Basic ATK deals Additional Ice DMG equal to 40% of Herta's ATK. Keep the Ball Rolling Every time Talent is triggered, this character's CRIT Rate increases by 3% . This effect can stack up to 5 time(s). That's the Kind of Girl I Am Skill Lv. +2 , up to a maximum of Lv. 15 . Basic ATK Lv. + 1 , up to a maximum of Lv. 10 . Hit Where it Hurts When Talent is triggered, DMG increases by 10% . Cuss Big or Cuss Nothing Ultimate Lv. +2 , up to a maximum of Lv. 15 . Talent Lv. +2 , up to a maximum of Lv. 15 . No One Can Betray Me After using Ultimate, this character's ATK increases by 25% for 1 turn(s)."
Herta,herta,E2,2,If the enemy's HP percentage is at,"If the enemy's HP percentage is at 50% or less, Herta's Basic ATK deals Additional Ice DMG equal to 40% of Herta's ATK. 50% or less, Herta's Basic ATK deals Additional Ice DMG equal to 40% of Herta's ATK."
Herta,herta,E3,3,"Every time Talent is triggered, this character's CRIT Rate increases by","Every time Talent is triggered, this character's CRIT Rate increases by 3% . This effect can stack up to 5 time(s). 3% . This effect can stack up to 5 time(s)."
Herta,herta,E4,4,Skill Lv.,"Skill Lv. +2 , up to a maximum of Lv. 15 . Basic ATK Lv. + 1 , up to a maximum of Lv. 10 . +2 , up to a maximum of Lv. 15 . Basic ATK Lv. + 1 , up to a maximum of Lv. 10 ."
Herta,herta,E5,5,"When Talent is triggered, DMG increases by","When Talent is triggered, DMG increases by 10% . 10% ."
Herta,herta,E6,6,Ultimate Lv.,"Ultimate Lv. +2 , up to a maximum of Lv. 15 . Talent Lv. +2 , up to a maximum of Lv. 15 . +2 , up to a maximum of Lv. 15 . Talent Lv. +2 , up to a maximum of Lv. 15 ."
Herta,herta,E7,7,"After using Ultimate, this character's ATK increases by","After using Ultimate, this character's ATK increases by 25% for 1 turn(s). 25% for 1 turn(s)."
Himeko,himeko,E1,1,E,"Childhood 1 Childhood Eidolon 1 After ""Victory Rush"" is triggered, Himeko's SPD increases by 20% for 2 turn(s). E 2 Convergence Eidolon 2 Deals 15% more DMG to enemies whose HP percentage is 50% or less. E 3 Poised Eidolon 3 Skill Lv. +2 , up to a maximum of Lv. 15 . Basic ATK Lv. +1 , up to a maximum of Lv. 10 . E 4 Dedication Eidolon 4 When Himeko's Skill inflicts Weakness Break on an enemy, she gains 1 extra point(s) of Charge. E 5 Aspiration Eidolon 5 Ultimate Lv. +2 , up to a maximum of Lv. 15. Talent Lv. +2 , up to a maximum of Lv. 15. E 6 Trailblaze Eidolon 6 Ultimate deals DMG 2 extra times, each of which deals Fire DMG equal to 40% of the original DMG to a random enemy."
Himeko,himeko,E2,2,"After ""Victory Rush"" is triggered, Himeko's SPD increases by","After ""Victory Rush"" is triggered, Himeko's SPD increases by 20% for 2 turn(s). 20% for 2 turn(s)."
Himeko,himeko,E3,3,Deals,Deals 15% more DMG to enemies whose HP percentage is 50% or less. 15% more DMG to enemies whose HP percentage is 50% or less.
Himeko,himeko,E4,4,Skill Lv.,"Skill Lv. +2 , up to a maximum of Lv. 15 . Basic ATK Lv. +1 , up to a maximum of Lv. 10 . +2 , up to a maximum of Lv. 15 . Basic ATK Lv. +1 , up to a maximum of Lv. 10 ."
Himeko,himeko,E5,5,"When Himeko's Skill inflicts Weakness Break on an enemy, she gains","When Himeko's Skill inflicts Weakness Break on an enemy, she gains 1 extra point(s) of Charge. 1 extra point(s) of Charge."
Himeko,himeko,E6,6,Ultimate Lv.,"Ultimate Lv. +2 , up to a maximum of Lv. 15. Talent Lv. +2 , up to a maximum of Lv. 15. +2 , up to a maximum of Lv. 15. Talent Lv. +2 , up to a maximum of Lv. 15."
Himeko,himeko,E7,7,Ultimate deals DMG,"Ultimate deals DMG 2 extra times, each of which deals Fire DMG equal to 40% of the original DMG to a random enemy. 2 extra times, each of which deals Fire DMG equal to 40% of the original DMG to a random enemy."
Himeko Nova,himeko-nova,E1,1,1,That Which We Stride Is the Trailblaze
Himeko Nova,himeko-nova,E2,2,1,"Increases the number of times the Talent triggers the extra Assist Skill effect by 1 . When in the ""Companion Protocol: Verdict"" state, the number of Ultimate uses required to launch the Assist Skill is reduced by 1 . When in the ""Companion Protocol: Decimation"" state, the Charge required to launch the Assist Skill is reduced by 3 . When Himeko • Nova launches the Assist Skill, the number of times the extra DMG effect is triggered increases by 1 ."
Himeko Nova,himeko-nova,E3,3,2,"Max uses of Himeko • Nova's Assist Skill increase to 2 , and DMG dealt by Ultimate and Assist Skill becomes 130% of their original DMG. At the start of each turn in the ""Navigator's Semaphore"" state, immediately recovers 1 extra Assist Skill use. Trace ""Hark! The Express's Pulse Roars"" effect: When characters other than Trailblaze Companions use Assist Skill, they also gain 1 extra turn."
Himeko Nova,himeko-nova,E4,4,+2,"Ultimate Lv. +2 , up to a maximum of Lv. 15."
Himeko Nova,himeko-nova,E5,5,10%,"When using the Assist Skill from Talent ""Of Fire and Far Faring,"" the All-Type RES PEN increase effect applies to all allies. When Himeko • Nova gains this effect, her All-Type RES PEN increases by an additional 10% ."
Himeko Nova,himeko-nova,E6,6,+2,"Skill Lv. +2 , up to a maximum of Lv. 15."
Himeko Nova,himeko-nova,E7,7,20%,"Himeko Nova's Fire Type RES PEN increases by 20% . Max ""Source Energy"" increases to 6 point(s), and when an ally uses or triggers an Assist Skill, DMG dealt by the Assist Skill increases by 75% , and Himeko Nova gains 1 point of ""Source Energy"". When launching a ""Hyperluminal Particle Beam"" attack during Ultimate, additionally gains 1 point of ""Source Energy"". When launching ""Orbital Annihilation Pulse,"" if the current ""Source Energy"" is 6 point(s) or more, additionally deals Fire DMG equal to 160% of Himeko Nova's ATK to all enemies 1 time."
Hook,hook,E1,1,E,"Early to Bed. Early to Rise 1 Early to Bed. Early to Rise Eidolon 1 Enhanced Skill deals 20% increased DMG. E 2 Happy Tummy. Happy Body Eidolon 2 Extends the duration of Burn caused by Skill by 1 turn(s). E 3 Don’t Be Picky. Nothing’s Icky Eidolon 3 Skill Lv. +2 , up to a maximum of Lv. 15 . Basic ATK Lv. +1 . up to a maximum of Lv. 10 . E 4 It's Okay to Not Know Eidolon 4 When Talent is triggered, there is a 100% base chance to Burn enemies adjacent to the target enemy, equivalent to that of Skill. E 5 Let the Moles' Deeds Be Known Eidolon 5 Ultimate Lv. +2 , up to a maximum of Lv. 15. Talent Lv. +2 , up to a maximum of Lv. 15. E 6 Always Ready to Punch and Kick Eidolon 6 Hook deals 20% more DMG to enemies inflicted with Burn."
Hook,hook,E2,2,Enhanced Skill deals,Enhanced Skill deals 20% increased DMG. 20% increased DMG.
Hook,hook,E3,3,Extends the duration of Burn caused by Skill by,Extends the duration of Burn caused by Skill by 1 turn(s). 1 turn(s).
Hook,hook,E4,4,Skill Lv.,"Skill Lv. +2 , up to a maximum of Lv. 15 . Basic ATK Lv. +1 . up to a maximum of Lv. 10 . +2 , up to a maximum of Lv. 15 . Basic ATK Lv. +1 . up to a maximum of Lv. 10 ."
Hook,hook,E5,5,"When Talent is triggered, there is a","When Talent is triggered, there is a 100% base chance to Burn enemies adjacent to the target enemy, equivalent to that of Skill. 100% base chance to Burn enemies adjacent to the target enemy, equivalent to that of Skill."
Hook,hook,E6,6,Ultimate Lv.,"Ultimate Lv. +2 , up to a maximum of Lv. 15. Talent Lv. +2 , up to a maximum of Lv. 15. +2 , up to a maximum of Lv. 15. Talent Lv. +2 , up to a maximum of Lv. 15."
Hook,hook,E7,7,Hook deals,Hook deals 20% more DMG to enemies inflicted with Burn. 20% more DMG to enemies inflicted with Burn.
Huohuo,huohuo,E1,1,"Anchored to Vessel, Specters Nestled","Anchored to Vessel, Specters Nestled The duration of ""Divine Provision"" produced by the Talent is extended by 1 turn(s). When Huohuo possesses ""Divine Provision,"" her Outgoing Healing increases by 20% , all allies' SPD increases by 12% . Sealed in Tail, Wraith Subdued If Huohuo possesses ""Divine Provision"" when an ally target is struck by a killing blow, the ally will not be knocked down and their HP will immediately be restored by an amount equal to 50% of their Max HP. This reduces the duration of ""Divine Provision"" by 1 turn. This effect can only be triggered 2 time(s) per battle. Cursed by Fate, Moths to Flame Ultimate Lv. +2 , up to a maximum of Lv. 15. Talent Lv. +2, up to a maximum of Lv. 15. Tied in Life, Bound to Strife When healing a target ally via Skill or Talent, the less HP the target ally currently has, the higher the amount of healing they will receive. The maximum increase in healing provided by Huohuo is 80% . Mandated by Edict, Evils Evicted Skill Lv. +2 , up to a maximum of Lv. 15. Basic ATK Lv. +1 , up to a maximum of Lv. 10. Woven Together, Cohere Forever When healing a target ally, increases the target ally's DMG dealt by 50% for 2 turn(s)."
Huohuo,huohuo,E2,2,"The duration of ""Divine Provision"" produced by the Talent is extended by","The duration of ""Divine Provision"" produced by the Talent is extended by 1 turn(s). When Huohuo possesses ""Divine Provision,"" her Outgoing Healing increases by 20% , all allies' SPD increases by 12% . 1 turn(s). When Huohuo possesses ""Divine Provision,"" her Outgoing Healing increases by 20% , all allies' SPD increases by 12% ."
Huohuo,huohuo,E3,3,"If Huohuo possesses ""Divine Provision"" when an ally target is struck by a killing blow, the ally will not be knocked down and their HP will immediately be restored by an amount equal to","If Huohuo possesses ""Divine Provision"" when an ally target is struck by a killing blow, the ally will not be knocked down and their HP will immediately be restored by an amount equal to 50% of their Max HP. This reduces the duration of ""Divine Provision"" by 1 turn. This effect can only be triggered 2 time(s) per battle. 50% of their Max HP. This reduces the duration of ""Divine Provision"" by 1 turn. This effect can only be triggered 2 time(s) per battle."
Huohuo,huohuo,E4,4,Ultimate Lv.,"Ultimate Lv. +2 , up to a maximum of Lv. 15. Talent Lv. +2, up to a maximum of Lv. 15. +2 , up to a maximum of Lv. 15. Talent Lv. +2, up to a maximum of Lv. 15."
Huohuo,huohuo,E5,5,"When healing a target ally via Skill or Talent, the less HP the target ally currently has, the higher the amount of healing they will receive. The maximum increase in healing provided by Huohuo is","When healing a target ally via Skill or Talent, the less HP the target ally currently has, the higher the amount of healing they will receive. The maximum increase in healing provided by Huohuo is 80% . 80% ."
Huohuo,huohuo,E6,6,Skill Lv.,"Skill Lv. +2 , up to a maximum of Lv. 15. Basic ATK Lv. +1 , up to a maximum of Lv. 10. +2 , up to a maximum of Lv. 15. Basic ATK Lv. +1 , up to a maximum of Lv. 10."
Huohuo,huohuo,E7,7,"When healing a target ally, increases the target ally's DMG dealt by","When healing a target ally, increases the target ally's DMG dealt by 50% for 2 turn(s). 50% for 2 turn(s)."
Hyacine,hyacine,E1,1,E,"Cradle the Candle of Night 1 Cradle the Candle of Night Eidolon 1 When Hyacine is in the ""After Rain"" state, additionally increases the Max HP of all ally targets by 50% , and immediately restores HP equal to 8% of Hyacine's Max HP after using an attack. E 2 Come Sit in My Courtyard Eidolon 2 When an ally target's HP decreases, SPD increases by 30% , lasting for 2 turn(s) E 3 Depart, Unto the Sun! Eidolon 3 Ultimate Lv. +2 , up to a maximum of Lv. 15. Basic ATK Lv. +1 , up to a maximum of Lv. 10. Memosprite Skill Lv. +1 , up to a maximum of Lv. 10. E 4 Sunlit Amber, Yours to Keep Eidolon 4 The ""Tempestuous Halt"" Trace is enhanced. For every 1 of SPD exceeded, additionally increases Hyacine and Little Ica's CRIT DMG by 2% . E 5 Twilight Drapes the Tide Eidolon 5 Skill Lv. +2 , up to a maximum of Lv. 15. Talent Lv. +2 , up to a maximum of Lv. 15. Memosprite Talent Lv. +1 , up to a maximum of Lv. 10. E 6 O Sky, Heed My Plea Eidolon 6 Little Ica uses Memosprite Skill and changes the amount of Healing tally cleared to 12% . When Little Ica is on the field, increases all ally targets' All-Type RES PEN by 20% ."
Hyacine,hyacine,E2,2,"When Hyacine is in the ""After Rain"" state, additionally increases the Max HP of all ally targets by","When Hyacine is in the ""After Rain"" state, additionally increases the Max HP of all ally targets by 50% , and immediately restores HP equal to 8% of Hyacine's Max HP after using an attack. 50% , and immediately restores HP equal to 8% of Hyacine's Max HP after using an attack."
Hyacine,hyacine,E3,3,"When an ally target's HP decreases, SPD increases by","When an ally target's HP decreases, SPD increases by 30% , lasting for 2 turn(s) 30% , lasting for 2 turn(s)"
Hyacine,hyacine,E4,4,Ultimate Lv.,"Ultimate Lv. +2 , up to a maximum of Lv. 15. Basic ATK Lv. +1 , up to a maximum of Lv. 10. Memosprite Skill Lv. +1 , up to a maximum of Lv. 10. +2 , up to a maximum of Lv. 15. Basic ATK Lv. +1 , up to a maximum of Lv. 10. Memosprite Skill Lv. +1 , up to a maximum of Lv. 10."
Hyacine,hyacine,E5,5,"The ""Tempestuous Halt"" Trace is enhanced. For every","The ""Tempestuous Halt"" Trace is enhanced. For every 1 of SPD exceeded, additionally increases Hyacine and Little Ica's CRIT DMG by 2% . 1 of SPD exceeded, additionally increases Hyacine and Little Ica's CRIT DMG by 2% ."
Hyacine,hyacine,E6,6,Skill Lv.,"Skill Lv. +2 , up to a maximum of Lv. 15. Talent Lv. +2 , up to a maximum of Lv. 15. Memosprite Talent Lv. +1 , up to a maximum of Lv. 10. +2 , up to a maximum of Lv. 15. Talent Lv. +2 , up to a maximum of Lv. 15. Memosprite Talent Lv. +1 , up to a maximum of Lv. 10."
Hyacine,hyacine,E7,7,Little Ica uses Memosprite Skill and changes the amount of Healing tally cleared to,"Little Ica uses Memosprite Skill and changes the amount of Healing tally cleared to 12% . When Little Ica is on the field, increases all ally targets' All-Type RES PEN by 20% . 12% . When Little Ica is on the field, increases all ally targets' All-Type RES PEN by 20% ."
Hysilens,hysilens,E1,1,E,"You Ask Why Hearts Cry 1 You Ask Why Hearts Cry Eidolon 1 While Hysilens is on the field, ally targets deal DoT equal to 116% of the original DMG. When Hysilens inflicts Wind Shear/Bleed/Burn/Shock on enemies through her Talent, there is a 100% base chance to additionally inflict the target with 1 instance of Wind Shear/Bleed/Burn/Shock state that is identical to and can coexist with that of the original Talent effect. E 2 Tell Me Why Waves Roar High Eidolon 2 While the Zone is active, the DMG Boost effect from Trace ""The Fiddle of Pearls"" applies to all allies. E 3 Why Do Lights Bid Goodbye Eidolon 3 Ultimate Lv. +2 , up to a maximum of Lv. 15. Basic ATK Lv. +1, up to a maximum of Lv. 10. E 4 Lo, How Time Flows By Eidolon 4 While the Zone is active, reduces All-Type RES of all enemies by 20% . E 5 In Ablution, I Hum and Sigh Eidolon 5 Skill Lv. +2 , up to a maximum of Lv. 15. Talent Lv. +2 , up to a maximum of Lv. 15. E 6 When to Return From Where You Lie Eidolon 6 While the Zone is active, at the start of each turn or after one attack by an ally target, increases the maximum trigger count for Hysilens's Physical DoT effect to 12 , and increases the multiplier of the DMG dealt by 20% ."
Hysilens,hysilens,E2,2,"While Hysilens is on the field, ally targets deal DoT equal to","While Hysilens is on the field, ally targets deal DoT equal to 116% of the original DMG. When Hysilens inflicts Wind Shear/Bleed/Burn/Shock on enemies through her Talent, there is a 100% base chance to additionally inflict the target with 1 instance of Wind Shear/Bleed/Burn/Shock state that is identical to and can coexist with that of the original Talent effect. 116% of the original DMG. When Hysilens inflicts Wind Shear/Bleed/Burn/Shock on enemies through her Talent, there is a 100% base chance to additionally inflict the target with 1 instance of Wind Shear/Bleed/Burn/Shock state that is identical to and can coexist with that of the original Talent effect."
Hysilens,hysilens,E3,3,,"While the Zone is active, the DMG Boost effect from Trace ""The Fiddle of Pearls"" applies to all allies."
Hysilens,hysilens,E4,4,Ultimate Lv.,"Ultimate Lv. +2 , up to a maximum of Lv. 15. Basic ATK Lv. +1, up to a maximum of Lv. 10. +2 , up to a maximum of Lv. 15. Basic ATK Lv. +1, up to a maximum of Lv. 10."
Hysilens,hysilens,E5,5,"While the Zone is active, reduces All-Type RES of all enemies by","While the Zone is active, reduces All-Type RES of all enemies by 20% . 20% ."
Hysilens,hysilens,E6,6,Skill Lv.,"Skill Lv. +2 , up to a maximum of Lv. 15. Talent Lv. +2 , up to a maximum of Lv. 15. +2 , up to a maximum of Lv. 15. Talent Lv. +2 , up to a maximum of Lv. 15."
Hysilens,hysilens,E7,7,"While the Zone is active, at the start of each turn or after one attack by an ally target, increases the maximum trigger count for Hysilens's Physical DoT effect to","While the Zone is active, at the start of each turn or after one attack by an ally target, increases the maximum trigger count for Hysilens's Physical DoT effect to 12 , and increases the multiplier of the DMG dealt by 20% . 12 , and increases the multiplier of the DMG dealt by 20% ."
Jade,jade,E1,1,E,"Altruism? Nevertheless Tradable 1 Altruism? Nevertheless Tradable Eidolon 1 The follow-up attack DMG from Jade's Talent increases by 32% . After the character with Debt Collector state uses an attack and hits 2/1 enemy targets, Jade additionally gains 1/2 point(s) of Charge. E 2 Morality? Herein Authenticated Eidolon 2 When there are 15 stacks of Pawned Asset, Jade's CRIT Rate increases by 18% . E 3 Honesty? Soon Mortgaged Eidolon 3 Skill Lv. +2 , up to a maximum of Lv. 15. Talent Lv. +2 , up to a maximum of Lv. 15. E 4 Sincerity? Put Option Only Eidolon 4 When using Ultimate, the DMG Jade deals ignores 12% of enemy targets' DEF, lasting for 3 turn(s). E 5 Hope? Hitherto Forfeited Eidolon 5 Ultimate Lv. +2, up to a maximum of Lv. 15. Basic ATK Lv. +1 , up to a maximum of Lv. 10. E 6 Equity? Pending Sponsorship Eidolon 6 When there are Debt Collector allies on the field, Jade's Quantum RES PEN increases by 20% , and Jade gains the Debt Collector state."
Jade,jade,E2,2,The follow-up attack DMG from Jade's Talent increases by,"The follow-up attack DMG from Jade's Talent increases by 32% . After the character with Debt Collector state uses an attack and hits 2/1 enemy targets, Jade additionally gains 1/2 point(s) of Charge. 32% . After the character with Debt Collector state uses an attack and hits 2/1 enemy targets, Jade additionally gains 1/2 point(s) of Charge."
Jade,jade,E3,3,When there are,"When there are 15 stacks of Pawned Asset, Jade's CRIT Rate increases by 18% . 15 stacks of Pawned Asset, Jade's CRIT Rate increases by 18% ."
Jade,jade,E4,4,Skill Lv.,"Skill Lv. +2 , up to a maximum of Lv. 15. Talent Lv. +2 , up to a maximum of Lv. 15. +2 , up to a maximum of Lv. 15. Talent Lv. +2 , up to a maximum of Lv. 15."
Jade,jade,E5,5,"When using Ultimate, the DMG Jade deals ignores","When using Ultimate, the DMG Jade deals ignores 12% of enemy targets' DEF, lasting for 3 turn(s). 12% of enemy targets' DEF, lasting for 3 turn(s)."
Jade,jade,E6,6,Ultimate Lv.,"Ultimate Lv. +2, up to a maximum of Lv. 15. Basic ATK Lv. +1 , up to a maximum of Lv. 10. +2, up to a maximum of Lv. 15. Basic ATK Lv. +1 , up to a maximum of Lv. 10."
Jade,jade,E7,7,"When there are Debt Collector allies on the field, Jade's Quantum RES PEN increases by","When there are Debt Collector allies on the field, Jade's Quantum RES PEN increases by 20% , and Jade gains the Debt Collector state. 20% , and Jade gains the Debt Collector state."
Jiaoqiu,jiaoqiu,E1,1,E,"Pentapathic Transference 1 Pentapathic Transference Eidolon 1 Allies deal 40% increased DMG to enemy targets afflicted with Ashen Roast. Whenever inflicting Ashen Roast on an enemy target via triggering the Talent's effect, additionally increases the number of Ashen Roast applied this time by 1 . E 2 From Savor Comes Suffer Eidolon 2 When an enemy target is afflicted with Ashen Roast, increases the multiplier for the Fire DoT dealt by Ashen Roast to the target by 300% . E 3 Flavored Euphony Reigns Supreme Eidolon 3 Skill Lv. +2 , up to a maximum of Lv. 15. Basic ATK Lv. +1 , up to a maximum of Lv. 10. E 4 Leisure In, Luster Out Eidolon 4 When the Zone exists, reduces enemy target's ATK by 15% . E 5 Duel in Dawn, Dash in Dusk Eidolon 5 Ultimate Lv. +2 , up to a maximum of Lv. 15. Talent Lv. +2 , up to a maximum of Lv. 15. E 6 Nonamorphic Pyrobind Eidolon 6 When an enemy target gets defeated, their accumulated ""Ashen Roast"" stacks will transfer to the enemy with the lowest number of ""Ashen Roast"" stacks on the battlefield. The maximum stack limit of Ashen Roast increases to 9 , and each ""Ashen Roast"" stack reduces the target's All-Type RES by 3% ."
Jiaoqiu,jiaoqiu,E2,2,Allies deal,"Allies deal 40% increased DMG to enemy targets afflicted with Ashen Roast. Whenever inflicting Ashen Roast on an enemy target via triggering the Talent's effect, additionally increases the number of Ashen Roast applied this time by 1 . 40% increased DMG to enemy targets afflicted with Ashen Roast. Whenever inflicting Ashen Roast on an enemy target via triggering the Talent's effect, additionally increases the number of Ashen Roast applied this time by 1 ."
Jiaoqiu,jiaoqiu,E3,3,"When an enemy target is afflicted with Ashen Roast, increases the multiplier for the Fire DoT dealt by Ashen Roast to the target by","When an enemy target is afflicted with Ashen Roast, increases the multiplier for the Fire DoT dealt by Ashen Roast to the target by 300% . 300% ."
Jiaoqiu,jiaoqiu,E4,4,Skill Lv.,"Skill Lv. +2 , up to a maximum of Lv. 15. Basic ATK Lv. +1 , up to a maximum of Lv. 10. +2 , up to a maximum of Lv. 15. Basic ATK Lv. +1 , up to a maximum of Lv. 10."
Jiaoqiu,jiaoqiu,E5,5,"When the Zone exists, reduces enemy target's ATK by","When the Zone exists, reduces enemy target's ATK by 15% . 15% ."
Jiaoqiu,jiaoqiu,E6,6,Ultimate Lv.,"Ultimate Lv. +2 , up to a maximum of Lv. 15. Talent Lv. +2 , up to a maximum of Lv. 15. +2 , up to a maximum of Lv. 15. Talent Lv. +2 , up to a maximum of Lv. 15."
Jiaoqiu,jiaoqiu,E7,7,"When an enemy target gets defeated, their accumulated ""Ashen Roast"" stacks will transfer to the enemy with the lowest number of ""Ashen Roast"" stacks on the battlefield. The maximum stack limit of Ashen Roast increases to","When an enemy target gets defeated, their accumulated ""Ashen Roast"" stacks will transfer to the enemy with the lowest number of ""Ashen Roast"" stacks on the battlefield. The maximum stack limit of Ashen Roast increases to 9 , and each ""Ashen Roast"" stack reduces the target's All-Type RES by 3% . 9 , and each ""Ashen Roast"" stack reduces the target's All-Type RES by 3% ."
Jing Yuan,jing-yuan,E1,1,E,"Slash, Seas Split 1 Slash, Seas Split Eidolon 1 When Lightning-Lord attacks, the DMG multiplier on enemies adjacent to the target enemy increases by an extra amount equal to 25% of the DMG multiplier against the target enemy. E 2 Swing, Skies Squashed Eidolon 2 After Lightning-Lord takes action, DMG caused by Jing Yuan's Basic ATK, Skill, and Ultimate increases by 20% for 2 turn(s). E 3 Strike, Suns Subdued Eidolon 3 Ultimate Lv. +2 , up to a maximum of Lv. 15 . Basic ATK Lv. +1 , up to a maximum of Lv. 10 . E 4 Spin, Stars Sieged Eidolon 4 For each hit performed by the Lightning-Lord when it takes action, Jing Yuan regenerates 2 Energy. E 5 Stride, Spoils Seized Eidolon 5 Skill Lv. +2 , up to a maximum of Lv. 15. Talent Lv. +2 , up to a maximum of Lv. 15. E 6 Sweep, Souls Slain Eidolon 6 Each hit performed by the Lightning-Lord when it takes action will make the target enemy Vulnerable. While Vulnerable, enemies receive 12% more DMG until the end of the Lightning-Lord's current turn, stacking up to 3 time(s)."
Jing Yuan,jing-yuan,E2,2,"When Lightning-Lord attacks, the DMG multiplier on enemies adjacent to the target enemy increases by an extra amount equal to","When Lightning-Lord attacks, the DMG multiplier on enemies adjacent to the target enemy increases by an extra amount equal to 25% of the DMG multiplier against the target enemy. 25% of the DMG multiplier against the target enemy."
Jing Yuan,jing-yuan,E3,3,"After Lightning-Lord takes action, DMG caused by Jing Yuan's Basic ATK, Skill, and Ultimate increases by","After Lightning-Lord takes action, DMG caused by Jing Yuan's Basic ATK, Skill, and Ultimate increases by 20% for 2 turn(s). 20% for 2 turn(s)."
Jing Yuan,jing-yuan,E4,4,Ultimate Lv.,"Ultimate Lv. +2 , up to a maximum of Lv. 15 . Basic ATK Lv. +1 , up to a maximum of Lv. 10 . +2 , up to a maximum of Lv. 15 . Basic ATK Lv. +1 , up to a maximum of Lv. 10 ."
Jing Yuan,jing-yuan,E5,5,"For each hit performed by the Lightning-Lord when it takes action, Jing Yuan regenerates","For each hit performed by the Lightning-Lord when it takes action, Jing Yuan regenerates 2 Energy. 2 Energy."
Jing Yuan,jing-yuan,E6,6,Skill Lv.,"Skill Lv. +2 , up to a maximum of Lv. 15. Talent Lv. +2 , up to a maximum of Lv. 15. +2 , up to a maximum of Lv. 15. Talent Lv. +2 , up to a maximum of Lv. 15."
Jing Yuan,jing-yuan,E7,7,"Each hit performed by the Lightning-Lord when it takes action will make the target enemy Vulnerable. While Vulnerable, enemies receive","Each hit performed by the Lightning-Lord when it takes action will make the target enemy Vulnerable. While Vulnerable, enemies receive 12% more DMG until the end of the Lightning-Lord's current turn, stacking up to 3 time(s). 12% more DMG until the end of the Lightning-Lord's current turn, stacking up to 3 time(s)."
Jingliu,jingliu,E1,1,E,"Moon Crashes Tianguan Gate 1 Moon Crashes Tianguan Gate Eidolon 1 When using Ultimate or Enhanced Skill, Jingliu's CRIT DMG increases by 36% for 1 turn. Moreover, additionally deals 1 instance of Ice DMG equal to 80% of Jingliu's Max HP to the primary target. E 2 Crescent Shadows Qixing Dipper Eidolon 2 After using Ultimate, increases the DMG of the next Enhanced Skill by 80% . E 3 Halfmoon Gapes Mercurial Haze Eidolon 3 Ultimate Lv. +2 , up to a maximum of Lv. 15. Talent Lv. +2 , up to a maximum of Lv. 15. E 4 Lunarlance Shines Skyward Dome Eidolon 4 While in the Spectral Transmigration state, each stack of Moonlight additionally increases CRIT DMG by 20% . E 5 Night Shades Astral Radiance Eidolon 5 Skill Lv. +2 , up to a maximum of Lv. 15. Basic ATK Lv. +1 , up to a maximum of Lv. 10 E 6 Eclipse Hollows Corporeal Husk Eidolon 6 When Jingliu enters the Spectral Transmigration state, the Syzygy stack limit increases by 1 , and Jingliu obtains 2 stacks of Syzygy. While she is in the Spectral Transmigration state, her Ice RES PEN increases by 30% ."
Jingliu,jingliu,E2,2,"When using Ultimate or Enhanced Skill, Jingliu's CRIT DMG increases by","When using Ultimate or Enhanced Skill, Jingliu's CRIT DMG increases by 36% for 1 turn. Moreover, additionally deals 1 instance of Ice DMG equal to 80% of Jingliu's Max HP to the primary target. 36% for 1 turn. Moreover, additionally deals 1 instance of Ice DMG equal to 80% of Jingliu's Max HP to the primary target."
Jingliu,jingliu,E3,3,"After using Ultimate, increases the DMG of the next Enhanced Skill by","After using Ultimate, increases the DMG of the next Enhanced Skill by 80% . 80% ."
Jingliu,jingliu,E4,4,Ultimate Lv.,"Ultimate Lv. +2 , up to a maximum of Lv. 15. Talent Lv. +2 , up to a maximum of Lv. 15. +2 , up to a maximum of Lv. 15. Talent Lv. +2 , up to a maximum of Lv. 15."
Jingliu,jingliu,E5,5,"While in the Spectral Transmigration state, each stack of Moonlight additionally increases CRIT DMG by","While in the Spectral Transmigration state, each stack of Moonlight additionally increases CRIT DMG by 20% . 20% ."
Jingliu,jingliu,E6,6,Skill Lv.,"Skill Lv. +2 , up to a maximum of Lv. 15. Basic ATK Lv. +1 , up to a maximum of Lv. 10 +2 , up to a maximum of Lv. 15. Basic ATK Lv. +1 , up to a maximum of Lv. 10"
Jingliu,jingliu,E7,7,"When Jingliu enters the Spectral Transmigration state, the Syzygy stack limit increases by","When Jingliu enters the Spectral Transmigration state, the Syzygy stack limit increases by 1 , and Jingliu obtains 2 stacks of Syzygy. While she is in the Spectral Transmigration state, her Ice RES PEN increases by 30% . 1 , and Jingliu obtains 2 stacks of Syzygy. While she is in the Spectral Transmigration state, her Ice RES PEN increases by 30% ."
Kafka,kafka,E1,1,E,"Da Capo 1 Da Capo Eidolon 1 When using an attack, there is a 100% base chance to cause the target to take 30% more DoT for 2 turns. E 2 Fortississimo Eidolon 2 While Kafka is on the field, DoT dealt by all allies increases by 33% . E 3 Capriccio Eidolon 3 Skill Lv. + 2 , up to a maximum of Lv. 15 . Basic ATK Lv. + 1 , up to a maximum of Lv. 10 . E 4 Recitativo Eidolon 4 When an enemy target takes DMG from the Shock status inflicted by Kafka, Kafka additionally regenerates 2 Energy. E 5 Doloroso Eidolon 5 Ultimate Lv. + 2 , up to a maximum of Lv. 15 . Talent Lv. + 2 , up to a maximum of Lv. 15 . E 6 Leggiero Eidolon 6 The DMG multiplier for Shock DMG dealt by Ultimate, Technique, or the follow-up attack triggered by Talent increases by 156% , and extends the duration of Shock on the enemy target by 1 turn(s)."
Kafka,kafka,E2,2,"When using an attack, there is a","When using an attack, there is a 100% base chance to cause the target to take 30% more DoT for 2 turns. 100% base chance to cause the target to take 30% more DoT for 2 turns."
Kafka,kafka,E3,3,"While Kafka is on the field, DoT dealt by all allies increases by","While Kafka is on the field, DoT dealt by all allies increases by 33% . 33% ."
Kafka,kafka,E4,4,Skill Lv. +,"Skill Lv. + 2 , up to a maximum of Lv. 15 . Basic ATK Lv. + 1 , up to a maximum of Lv. 10 . 2 , up to a maximum of Lv. 15 . Basic ATK Lv. + 1 , up to a maximum of Lv. 10 ."
Kafka,kafka,E5,5,"When an enemy target takes DMG from the Shock status inflicted by Kafka, Kafka additionally regenerates","When an enemy target takes DMG from the Shock status inflicted by Kafka, Kafka additionally regenerates 2 Energy. 2 Energy."
Kafka,kafka,E6,6,Ultimate Lv. +,"Ultimate Lv. + 2 , up to a maximum of Lv. 15 . Talent Lv. + 2 , up to a maximum of Lv. 15 . 2 , up to a maximum of Lv. 15 . Talent Lv. + 2 , up to a maximum of Lv. 15 ."
Kafka,kafka,E7,7,"The DMG multiplier for Shock DMG dealt by Ultimate, Technique, or the follow-up attack triggered by Talent increases by","The DMG multiplier for Shock DMG dealt by Ultimate, Technique, or the follow-up attack triggered by Talent increases by 156% , and extends the duration of Shock on the enemy target by 1 turn(s). 156% , and extends the duration of Shock on the enemy target by 1 turn(s)."
Lingsha,lingsha,E1,1,E,"Bloom on Vileward Bouquet 1 Bloom on Vileward Bouquet Eidolon 1 Lingsha's Weakness Break Efficiency increases by 50% . When an enemy unit's Weakness is Broken, reduces their DEF by 20% . E 2 Leisure in Carmine Smokeveil Eidolon 2 When using Ultimate, increases all allies' Break Effect by 40% , lasting for 3 turn(s). E 3 Shine of Floral Wick Eidolon 3 Ultimate Lv. +2 , up to a maximum of Lv. 15. Talent Lv. +2 , up to a maximum of Lv. 15. E 4 Redolence from Canopied Banquet Eidolon 4 When Fuyuan takes action, restores HP equal to 40% of Lingsha's ATK for the ally whose current HP is the lowest. E 5 Poise Atop Twists and Turns Eidolon 5 Skill Lv. +2 , up to a maximum of Lv. 15. Basic ATK Lv. +1 , up to a maximum of Lv. 10. E 6 Arcadia Under Deep Seclusion Eidolon 6 While Fuyuan is on the field, reduces all enemies' All-Type RES by 20% . When Fuyuan attacks, additionally deals 4 instance(s) of DMG, with each instance dealing both Fire DMG equal to 50% of Lingsha's ATK and a Toughness Reduction of 5 to a single random enemy. This prioritizes targets with both Toughness greater than 0 and Fire Weakness."
Lingsha,lingsha,E2,2,Lingsha's Weakness Break Efficiency increases by,"Lingsha's Weakness Break Efficiency increases by 50% . When an enemy unit's Weakness is Broken, reduces their DEF by 20% . 50% . When an enemy unit's Weakness is Broken, reduces their DEF by 20% ."
Lingsha,lingsha,E3,3,"When using Ultimate, increases all allies' Break Effect by","When using Ultimate, increases all allies' Break Effect by 40% , lasting for 3 turn(s). 40% , lasting for 3 turn(s)."
Lingsha,lingsha,E4,4,Ultimate Lv.,"Ultimate Lv. +2 , up to a maximum of Lv. 15. Talent Lv. +2 , up to a maximum of Lv. 15. +2 , up to a maximum of Lv. 15. Talent Lv. +2 , up to a maximum of Lv. 15."
Lingsha,lingsha,E5,5,"When Fuyuan takes action, restores HP equal to","When Fuyuan takes action, restores HP equal to 40% of Lingsha's ATK for the ally whose current HP is the lowest. 40% of Lingsha's ATK for the ally whose current HP is the lowest."
Lingsha,lingsha,E6,6,Skill Lv.,"Skill Lv. +2 , up to a maximum of Lv. 15. Basic ATK Lv. +1 , up to a maximum of Lv. 10. +2 , up to a maximum of Lv. 15. Basic ATK Lv. +1 , up to a maximum of Lv. 10."
Lingsha,lingsha,E7,7,"While Fuyuan is on the field, reduces all enemies' All-Type RES by","While Fuyuan is on the field, reduces all enemies' All-Type RES by 20% . When Fuyuan attacks, additionally deals 4 instance(s) of DMG, with each instance dealing both Fire DMG equal to 50% of Lingsha's ATK and a Toughness Reduction of 5 to a single random enemy. This prioritizes targets with both Toughness greater than 0 and Fire Weakness. 20% . When Fuyuan attacks, additionally deals 4 instance(s) of DMG, with each instance dealing both Fire DMG equal to 50% of Lingsha's ATK and a Toughness Reduction of 5 to a single random enemy. This prioritizes targets with both Toughness greater than 0 and Fire Weakness."
Luka,luka,E1,1,E,"Fighting Endlessly 1 Fighting Endlessly Eidolon 1 When Luka takes action, if the target enemy is Bleeding, increases DMG dealt by Luka by 15% for 2 turn(s). E 2 The Enemy is Weak, I am Strong Eidolon 2 If the Skill hits an enemy target with Physical Weakness, gain 1 stack(s) of Fighting Will. E 3 Born for the Ring Eidolon 3 Skill Lv. +2 , up to a maximum of Lv. 15. Talent Lv. +2 , up to a maximum of Lv. 15. E 4 Never Turning Back Eidolon 4 For every stack of Fighting Will obtained, increases ATK by 5% , stacking up to 4 time(s). E 5 The Spirit of Wildfire Eidolon 5 Ultimate Lv. +2 , up to a maximum of Lv. 15. Basic ATK Lv. +1 , up to a maximum of Lv. 10. E 6 A Champion's Applause Eidolon 6 After the Enhanced Basic ATK's ""Rising Uppercut"" hits a Bleeding enemy target, the Bleed status will immediately deal DMG 1 time equal to 8% of the original DMG for every hit of Direct Punch already unleashed during the current Enhanced Basic ATK."
Luka,luka,E2,2,"When Luka takes action, if the target enemy is Bleeding, increases DMG dealt by Luka by","When Luka takes action, if the target enemy is Bleeding, increases DMG dealt by Luka by 15% for 2 turn(s). 15% for 2 turn(s)."
Luka,luka,E3,3,"If the Skill hits an enemy target with Physical Weakness, gain","If the Skill hits an enemy target with Physical Weakness, gain 1 stack(s) of Fighting Will. 1 stack(s) of Fighting Will."
Luka,luka,E4,4,Skill Lv.,"Skill Lv. +2 , up to a maximum of Lv. 15. Talent Lv. +2 , up to a maximum of Lv. 15. +2 , up to a maximum of Lv. 15. Talent Lv. +2 , up to a maximum of Lv. 15."
Luka,luka,E5,5,"For every stack of Fighting Will obtained, increases ATK by","For every stack of Fighting Will obtained, increases ATK by 5% , stacking up to 4 time(s). 5% , stacking up to 4 time(s)."
Luka,luka,E6,6,Ultimate Lv.,"Ultimate Lv. +2 , up to a maximum of Lv. 15. Basic ATK Lv. +1 , up to a maximum of Lv. 10. +2 , up to a maximum of Lv. 15. Basic ATK Lv. +1 , up to a maximum of Lv. 10."
Luka,luka,E7,7,"After the Enhanced Basic ATK's ""Rising Uppercut"" hits a Bleeding enemy target, the Bleed status will immediately deal DMG 1 time equal to","After the Enhanced Basic ATK's ""Rising Uppercut"" hits a Bleeding enemy target, the Bleed status will immediately deal DMG 1 time equal to 8% of the original DMG for every hit of Direct Punch already unleashed during the current Enhanced Basic ATK. 8% of the original DMG for every hit of Direct Punch already unleashed during the current Enhanced Basic ATK."
Luocha,luocha,E1,1,E,"Ablution of the Quick 1 Ablution of the Quick Eidolon 1 While the Field is active, ATK of all allies increases by 20% . E 2 Bestowal From the Pure Eidolon 2 When his Skill is triggered, if the target ally's HP is lower than 50 % , Luocha's Outgoing Healing increases by 30% . If the target ally's HP is at 50 % or higher, the ally receives a Shield that can absorb DMG equal to 18% of Luocha's ATK plus 240 , lasting for 2 turns. E 3 Surveyal by the Fool Eidolon 3 Skill Lv. +2 , up to a maximum of Lv. 15 . Basic ATK Lv. +1 , up to a maximum of Lv. 10 . E 4 Heavy Lies the Crown Eidolon 4 When Luocha's Field is active, enemies become Weakened and deal 12% less DMG. E 5 Cicatrix 'Neath the Pain Eidolon 5 Ultimate Lv. +2 , up to a maximum of Lv. 15 . Talent Lv. +2 , up to a maximum of Lv. 15 . E 6 Reunion With the Dust Eidolon 6 When Ultimate is used, there is a 100% fixed chance to reduce all enemies' All-Type RES by 20% for 2 turn(s)."
Luocha,luocha,E2,2,"While the Field is active, ATK of all allies increases by","While the Field is active, ATK of all allies increases by 20% . 20% ."
Luocha,luocha,E3,3,"When his Skill is triggered, if the target ally's HP is lower than 50","When his Skill is triggered, if the target ally's HP is lower than 50 % , Luocha's Outgoing Healing increases by 30% . If the target ally's HP is at 50 % or higher, the ally receives a Shield that can absorb DMG equal to 18% of Luocha's ATK plus 240 , lasting for 2 turns. % , Luocha's Outgoing Healing increases by 30% . If the target ally's HP is at 50 % or higher, the ally receives a Shield that can absorb DMG equal to 18% of Luocha's ATK plus 240 , lasting for 2 turns."
Luocha,luocha,E4,4,Skill Lv.,"Skill Lv. +2 , up to a maximum of Lv. 15 . Basic ATK Lv. +1 , up to a maximum of Lv. 10 . +2 , up to a maximum of Lv. 15 . Basic ATK Lv. +1 , up to a maximum of Lv. 10 ."
Luocha,luocha,E5,5,"When Luocha's Field is active, enemies become Weakened and deal","When Luocha's Field is active, enemies become Weakened and deal 12% less DMG. 12% less DMG."
Luocha,luocha,E6,6,Ultimate Lv.,"Ultimate Lv. +2 , up to a maximum of Lv. 15 . Talent Lv. +2 , up to a maximum of Lv. 15 . +2 , up to a maximum of Lv. 15 . Talent Lv. +2 , up to a maximum of Lv. 15 ."
Luocha,luocha,E7,7,"When Ultimate is used, there is a","When Ultimate is used, there is a 100% fixed chance to reduce all enemies' All-Type RES by 20% for 2 turn(s). 100% fixed chance to reduce all enemies' All-Type RES by 20% for 2 turn(s)."
Lynx,lynx,E1,1,E,"Morning of Snow Hike 1 Morning of Snow Hike Eidolon 1 When healing allies with HP equal to or lower than 50% , Lynx's Outgoing Healing increases by 20% . This effect also works on continuous healing. E 2 Noon of Portable Furnace Eidolon 2 A target with ""Survival Response"" can resist debuff application for 1 time(s). E 3 Afternoon of Avalanche Beacon Eidolon 3 Skill Lv. +2 , up to a maximum of Lv. 15. Basic ATK Lv. +1 , up to a maximum of Lv. 10. E 4 Dusk of Warm Campfire Eidolon 4 When ""Survival Response"" is gained, increases the target's ATK by an amount equal to 3% of Lynx's Max HP for 1 turn(s). E 5 Night of Aurora Tea Eidolon 5 Ultimate Lv. +2 , up to a maximum of Lv. 15. Talent Lv. +2 , up to a maximum of Lv. 15. E 6 Dawn of Explorers' Chart Eidolon 6 Additionally boosts the Max HP increasing effect of ""Survival Response"" by an amount equal to 6% of Lynx's Max HP and increases Effect RES by 30% ."
Lynx,lynx,E2,2,When healing allies with HP equal to or lower than,"When healing allies with HP equal to or lower than 50% , Lynx's Outgoing Healing increases by 20% . This effect also works on continuous healing. 50% , Lynx's Outgoing Healing increases by 20% . This effect also works on continuous healing."
Lynx,lynx,E3,3,"A target with ""Survival Response"" can resist debuff application for","A target with ""Survival Response"" can resist debuff application for 1 time(s). 1 time(s)."
Lynx,lynx,E4,4,Skill Lv.,"Skill Lv. +2 , up to a maximum of Lv. 15. Basic ATK Lv. +1 , up to a maximum of Lv. 10. +2 , up to a maximum of Lv. 15. Basic ATK Lv. +1 , up to a maximum of Lv. 10."
Lynx,lynx,E5,5,"When ""Survival Response"" is gained, increases the target's ATK by an amount equal to","When ""Survival Response"" is gained, increases the target's ATK by an amount equal to 3% of Lynx's Max HP for 1 turn(s). 3% of Lynx's Max HP for 1 turn(s)."
Lynx,lynx,E6,6,Ultimate Lv.,"Ultimate Lv. +2 , up to a maximum of Lv. 15. Talent Lv. +2 , up to a maximum of Lv. 15. +2 , up to a maximum of Lv. 15. Talent Lv. +2 , up to a maximum of Lv. 15."
Lynx,lynx,E7,7,"Additionally boosts the Max HP increasing effect of ""Survival Response"" by an amount equal to","Additionally boosts the Max HP increasing effect of ""Survival Response"" by an amount equal to 6% of Lynx's Max HP and increases Effect RES by 30% . 6% of Lynx's Max HP and increases Effect RES by 30% ."
March 7th,march-7th,E1,1,E,"Memory of You 1 Memory of You Eidolon 1 Every time March 7th's Ultimate Freezes a target, she regenerates 6 Energy. E 2 Memory of It Eidolon 2 Upon entering battle, grants a Shield equal to 24% of March 7th's DEF plus 320 to the ally with the lowest HP percentage, lasting for 3 turn(s). E 3 Memory of Everything Eidolon 3 Ultimate Lv. + 2 , up to a maximum of Lv. 15 . Basic ATK Lv. + 1 , up to a maximum of Lv. 10 . E 4 Never Forfeit Again Eidolon 4 The Talent's Counter effect can be triggered 1 more time in each turn. The DMG dealt by Counter increases by an amount that is equal to 30% of March 7th's DEF. E 5 Never Forget Again Eidolon 5 Skill Lv. + 2 , up to a maximum of Lv. 15 . Talent Lv. + 2 , up to a maximum of Lv. 15 . E 6 Just Like This, Always... Eidolon 6 Allies under the protection of the Shield granted by the Skill restores HP equal to 4% of their Max HP plus 106 at the beginning of each turn."
March 7th,march-7th,E2,2,"Every time March 7th's Ultimate Freezes a target, she regenerates","Every time March 7th's Ultimate Freezes a target, she regenerates 6 Energy. 6 Energy."
March 7th,march-7th,E3,3,"Upon entering battle, grants a Shield equal to","Upon entering battle, grants a Shield equal to 24% of March 7th's DEF plus 320 to the ally with the lowest HP percentage, lasting for 3 turn(s). 24% of March 7th's DEF plus 320 to the ally with the lowest HP percentage, lasting for 3 turn(s)."
March 7th,march-7th,E4,4,Ultimate Lv. +,"Ultimate Lv. + 2 , up to a maximum of Lv. 15 . Basic ATK Lv. + 1 , up to a maximum of Lv. 10 . 2 , up to a maximum of Lv. 15 . Basic ATK Lv. + 1 , up to a maximum of Lv. 10 ."
March 7th,march-7th,E5,5,The Talent's Counter effect can be triggered,The Talent's Counter effect can be triggered 1 more time in each turn. The DMG dealt by Counter increases by an amount that is equal to 30% of March 7th's DEF. 1 more time in each turn. The DMG dealt by Counter increases by an amount that is equal to 30% of March 7th's DEF.
March 7th,march-7th,E6,6,Skill Lv. +,"Skill Lv. + 2 , up to a maximum of Lv. 15 . Talent Lv. + 2 , up to a maximum of Lv. 15 . 2 , up to a maximum of Lv. 15 . Talent Lv. + 2 , up to a maximum of Lv. 15 ."
March 7th,march-7th,E7,7,Allies under the protection of the Shield granted by the Skill restores HP equal to,Allies under the protection of the Shield granted by the Skill restores HP equal to 4% of their Max HP plus 106 at the beginning of each turn. 4% of their Max HP plus 106 at the beginning of each turn.
March 7th • Evernight,march-7th-evernight,E1,1,E,"Sleep Tight, the Night Dreams Long 1 Sleep Tight, the Night Dreams Long Eidolon 1 When Evernight is on the field and when there are 4 or more/3/2/1 enemy targets on the field, ally memosprites deal 120%/125%/130%/150% of their original DMG respectively. E 2 Listen Up, the Slumber Speaks Soft Eidolon 2 Increases Evernight's and memosprite Evey's CRIT DMG by 40% . Each time Evernight gains ""Memoria,"" increases the gained ""Memoria"" by 2 point(s). When using Ultimate, additionally gains 2 ""Darkest Riddle"" state Charge(s). E 3 Fear Not, the Nightmare Lies Past Eidolon 3 Skill Lv. +2 , up to a maximum of Lv. 15. Basic ATK Lv. +1 , up to a maximum of Lv. 10. Memosprite Talent Lv. +1 , up to a maximum of Lv. 10. E 4 Wake Up, the Tomorrow is Yours Eidolon 4 While Evernight is on the field, ally memosprites' Weakness Break Efficiency increases by 25% , and memosprite Evey gains an additional 25% Weakness Break Efficiency. E 5 Let Go, the ""Me"" in Memories Eidolon 5 Ultimate Lv. +2 , up to a maximum of Lv. 15. Talent Lv. +2 , up to a maximum of Lv. 15. Memosprite Skill Lv. +1 , up to a maximum of Lv. 10. E 6 Like This, Always Eidolon 6 While Evernight is on the field, all allies' All-Type RES PEN increases by 20% . After memosprite Evey uses ""Dream, Dissolving, as Dew,"" Evernight gains 30% of the consumed ""Memoria"" in this attack."
March 7th • Evernight,march-7th-evernight,E2,2,When Evernight is on the field and when there are,"When Evernight is on the field and when there are 4 or more/3/2/1 enemy targets on the field, ally memosprites deal 120%/125%/130%/150% of their original DMG respectively. 4 or more/3/2/1 enemy targets on the field, ally memosprites deal 120%/125%/130%/150% of their original DMG respectively."
March 7th • Evernight,march-7th-evernight,E3,3,Increases Evernight's and memosprite Evey's CRIT DMG by,"Increases Evernight's and memosprite Evey's CRIT DMG by 40% . Each time Evernight gains ""Memoria,"" increases the gained ""Memoria"" by 2 point(s). When using Ultimate, additionally gains 2 ""Darkest Riddle"" state Charge(s). 40% . Each time Evernight gains ""Memoria,"" increases the gained ""Memoria"" by 2 point(s). When using Ultimate, additionally gains 2 ""Darkest Riddle"" state Charge(s)."
March 7th • Evernight,march-7th-evernight,E4,4,Skill Lv.,"Skill Lv. +2 , up to a maximum of Lv. 15. Basic ATK Lv. +1 , up to a maximum of Lv. 10. Memosprite Talent Lv. +1 , up to a maximum of Lv. 10. +2 , up to a maximum of Lv. 15. Basic ATK Lv. +1 , up to a maximum of Lv. 10. Memosprite Talent Lv. +1 , up to a maximum of Lv. 10."
March 7th • Evernight,march-7th-evernight,E5,5,"While Evernight is on the field, ally memosprites' Weakness Break Efficiency increases by","While Evernight is on the field, ally memosprites' Weakness Break Efficiency increases by 25% , and memosprite Evey gains an additional 25% Weakness Break Efficiency. 25% , and memosprite Evey gains an additional 25% Weakness Break Efficiency."
March 7th • Evernight,march-7th-evernight,E6,6,Ultimate Lv.,"Ultimate Lv. +2 , up to a maximum of Lv. 15. Talent Lv. +2 , up to a maximum of Lv. 15. Memosprite Skill Lv. +1 , up to a maximum of Lv. 10. +2 , up to a maximum of Lv. 15. Talent Lv. +2 , up to a maximum of Lv. 15. Memosprite Skill Lv. +1 , up to a maximum of Lv. 10."
March 7th • Evernight,march-7th-evernight,E7,7,"While Evernight is on the field, all allies' All-Type RES PEN increases by","While Evernight is on the field, all allies' All-Type RES PEN increases by 20% . After memosprite Evey uses ""Dream, Dissolving, as Dew,"" Evernight gains 30% of the consumed ""Memoria"" in this attack. 20% . After memosprite Evey uses ""Dream, Dissolving, as Dew,"" Evernight gains 30% of the consumed ""Memoria"" in this attack."
March 7th • The Hunt,march-7th-swordmaster,E1,1,E,"My Sword Stirs Starlight 1 My Sword Stirs Starlight Eidolon 1 When Shifu is on the field, increases March 7th's SPD by 10% . E 2 Blade Dances on Waves' Fight Eidolon 2 After Shifu uses Basic ATK or Skill to attack an enemy target, March 7th immediately launches a follow-up attack and deals Imaginary DMG equal to 60% of March 7th's ATK to the primary target of this attack. Additionally, triggers the corresponding effect based on Shifu's Path and then gains 1 point(s) of Charge. If there is no primary target available to attack, then attacks a single random enemy instead. This effect can only trigger once per turn. E 3 Sharp Wit in Martial Might Eidolon 3 Skill Lv. +2 , up to a maximum of Lv. 15. Basic ATK Lv . +1 , up to a maximum of Lv. 10. E 4 Being Fabulous Never Frights Eidolon 4 At the start of the turn, regenerates 5 Energy. E 5 Sword Delights, Sugar Blights Eidolon 5 Ultimate Lv. +2 , up to a maximum of Lv. 15. Talent Lv. +2 , up to a maximum of Lv. 15. E 6 Me, the Best Girl in Sight Eidolon 6 After using Ultimate, increases the CRIT DMG dealt by the next Enhanced Basic ATK by 50% ."
March 7th • The Hunt,march-7th-swordmaster,E2,2,"When Shifu is on the field, increases March 7th's SPD by","When Shifu is on the field, increases March 7th's SPD by 10% . 10% ."
March 7th • The Hunt,march-7th-swordmaster,E3,3,"After Shifu uses Basic ATK or Skill to attack an enemy target, March 7th immediately launches a follow-up attack and deals Imaginary DMG equal to","After Shifu uses Basic ATK or Skill to attack an enemy target, March 7th immediately launches a follow-up attack and deals Imaginary DMG equal to 60% of March 7th's ATK to the primary target of this attack. Additionally, triggers the corresponding effect based on Shifu's Path and then gains 1 point(s) of Charge. If there is no primary target available to attack, then attacks a single random enemy instead. This effect can only trigger once per turn. 60% of March 7th's ATK to the primary target of this attack. Additionally, triggers the corresponding effect based on Shifu's Path and then gains 1 point(s) of Charge. If there is no primary target available to attack, then attacks a single random enemy instead. This effect can only trigger once per turn."
March 7th • The Hunt,march-7th-swordmaster,E4,4,Skill Lv.,"Skill Lv. +2 , up to a maximum of Lv. 15. Basic ATK Lv . +1 , up to a maximum of Lv. 10. +2 , up to a maximum of Lv. 15. Basic ATK Lv . +1 , up to a maximum of Lv. 10."
March 7th • The Hunt,march-7th-swordmaster,E5,5,"At the start of the turn, regenerates","At the start of the turn, regenerates 5 Energy. 5 Energy."
March 7th • The Hunt,march-7th-swordmaster,E6,6,Ultimate Lv.,"Ultimate Lv. +2 , up to a maximum of Lv. 15. Talent Lv. +2 , up to a maximum of Lv. 15. +2 , up to a maximum of Lv. 15. Talent Lv. +2 , up to a maximum of Lv. 15."
March 7th • The Hunt,march-7th-swordmaster,E7,7,"After using Ultimate, increases the CRIT DMG dealt by the next Enhanced Basic ATK by","After using Ultimate, increases the CRIT DMG dealt by the next Enhanced Basic ATK by 50% . 50% ."
Misha,misha,E1,1,E,"Whimsicality of Fancy 1 Whimsicality of Fancy Eidolon 1 When using the Ultimate, for every enemy on the field, additionally increases the Hits Per Action for the Ultimate by 1 hit(s), up to a maximum increase of 5 hit(s). E 2 Yearning of Youth Eidolon 2 Before each hit of the Ultimate lands, there is a 24% base chance of reducing the target's DEF by 16% for 3 turn(s). E 3 Vestige of Happiness Eidolon 3 Ultimate Lv. +2 , up to a maximum of Lv. 15. Basic ATK Lv. +1 , up to a maximum of Lv. 10. E 4 Visage of Kinship Eidolon 4 Increases the DMG multiplier for each hit of the Ultimate by 6% . E 5 Genesis of First Love Eidolon 5 Skill Lv. +2 , up to a maximum of Lv. 15. Talent Lv. +2 , up to a maximum of Lv. 15. E 6 Estrangement of Dream Eidolon 6 When using the Ultimate, increases own DMG by 30% , lasting until the end of the turn. In addition, the next time the Skill is used, recovers 1 Skill Point(s) for the team."
Misha,misha,E2,2,"When using the Ultimate, for every enemy on the field, additionally increases the Hits Per Action for the Ultimate by","When using the Ultimate, for every enemy on the field, additionally increases the Hits Per Action for the Ultimate by 1 hit(s), up to a maximum increase of 5 hit(s). 1 hit(s), up to a maximum increase of 5 hit(s)."
Misha,misha,E3,3,"Before each hit of the Ultimate lands, there is a","Before each hit of the Ultimate lands, there is a 24% base chance of reducing the target's DEF by 16% for 3 turn(s). 24% base chance of reducing the target's DEF by 16% for 3 turn(s)."
Misha,misha,E4,4,Ultimate Lv.,"Ultimate Lv. +2 , up to a maximum of Lv. 15. Basic ATK Lv. +1 , up to a maximum of Lv. 10. +2 , up to a maximum of Lv. 15. Basic ATK Lv. +1 , up to a maximum of Lv. 10."
Misha,misha,E5,5,Increases the DMG multiplier for each hit of the Ultimate by,Increases the DMG multiplier for each hit of the Ultimate by 6% . 6% .
Misha,misha,E6,6,Skill Lv.,"Skill Lv. +2 , up to a maximum of Lv. 15. Talent Lv. +2 , up to a maximum of Lv. 15. +2 , up to a maximum of Lv. 15. Talent Lv. +2 , up to a maximum of Lv. 15."
Misha,misha,E7,7,"When using the Ultimate, increases own DMG by","When using the Ultimate, increases own DMG by 30% , lasting until the end of the turn. In addition, the next time the Skill is used, recovers 1 Skill Point(s) for the team. 30% , lasting until the end of the turn. In addition, the next time the Skill is used, recovers 1 Skill Point(s) for the team."
Mortenax Blade,blade-mortenax,E1,1,20%,"Ere My Death, I Stood Unmade"
Mortenax Blade,blade-mortenax,E2,2,20%,"While the Zone is active, decreases all enemies' All-Type RES by 20% . After using the extra Skill from Talent, the ""Infinite Fury"" countdown has its action delayed by 15%."
Mortenax Blade,blade-mortenax,E3,3,75%,"When an ally character uses Ultimate to deal DMG, it is considered as having launched Follow-Up ATK. And the Follow-Up ATK DMG dealt by ally targets increases by 75% . The upper limit of Mortenax Blade's Charge decreases to 7 ."
Mortenax Blade,blade-mortenax,E4,4,+2,"Ultimate Lv. +2 , up to a maximum of Lv. 15. Talent Lv. +2 , up to a maximum of Lv. 15."
Mortenax Blade,blade-mortenax,E5,5,50%,"""Heart, Refined ad Infinitum"" additionally increases ally targets' DMG dealt by 50% ."
Mortenax Blade,blade-mortenax,E6,6,+2,"Skill Lv. +2 , up to a maximum of Lv. 15. Basic ATK Lv. +1 , up to a maximum of Lv. 10."
Mortenax Blade,blade-mortenax,E7,7,1,"As the Zone persists, when Mortenax Blade takes DMG or consumes HP, he gains 1 Charge. This effect can trigger again after any target's turn ends. The DMG multiplier of ""Tenax Per Ignem"" increases to 150% of its original value."
Moze,moze,E1,1,E,"Oathkeeper 1 Oathkeeper Eidolon 1 After entering battle, Moze regenerates 20 Energy. Each time the Additional DMG from his Talent is triggered, Moze regenerates 2 Energy. E 2 Wrathbearer Eidolon 2 When all allies deal DMG to the enemy target marked as ""Prey,"" increases CRIT DMG by 40% . E 3 Deathchaser Eidolon 3 Ultimate Lv. +2 , up to a maximum of Lv. 15. Talent Lv. +2 , up to a maximum of Lv. 15. E 4 Heathprowler Eidolon 4 When using Ultimate, increases the DMG dealt by Moze by 30% , lasting for 2 turn(s). E 5 Truthbender Eidolon 5 Skill Lv. +2 , up to a maximum of Lv. 15. Basic ATK Lv. +1 , up to a maximum of Lv. 10. E 6 Faithbinder Eidolon 6 Increases the DMG multiplier of the Talent's follow-up attack by 25% ."
Moze,moze,E2,2,"After entering battle, Moze regenerates","After entering battle, Moze regenerates 20 Energy. Each time the Additional DMG from his Talent is triggered, Moze regenerates 2 Energy. 20 Energy. Each time the Additional DMG from his Talent is triggered, Moze regenerates 2 Energy."
Moze,moze,E3,3,"When all allies deal DMG to the enemy target marked as ""Prey,"" increases CRIT DMG by","When all allies deal DMG to the enemy target marked as ""Prey,"" increases CRIT DMG by 40% . 40% ."
Moze,moze,E4,4,Ultimate Lv.,"Ultimate Lv. +2 , up to a maximum of Lv. 15. Talent Lv. +2 , up to a maximum of Lv. 15. +2 , up to a maximum of Lv. 15. Talent Lv. +2 , up to a maximum of Lv. 15."
Moze,moze,E5,5,"When using Ultimate, increases the DMG dealt by Moze by","When using Ultimate, increases the DMG dealt by Moze by 30% , lasting for 2 turn(s). 30% , lasting for 2 turn(s)."
Moze,moze,E6,6,Skill Lv.,"Skill Lv. +2 , up to a maximum of Lv. 15. Basic ATK Lv. +1 , up to a maximum of Lv. 10. +2 , up to a maximum of Lv. 15. Basic ATK Lv. +1 , up to a maximum of Lv. 10."
Moze,moze,E7,7,Increases the DMG multiplier of the Talent's follow-up attack by,Increases the DMG multiplier of the Talent's follow-up attack by 25% . 25% .
Mydei,mydei,E1,1,E,"Frost Hones Spine of Steel 1 Frost Hones Spine of Steel Eidolon 1 Increases the DMG multiplier dealt by ""Godslayer Be God"" to the primary target by 30% . This ability now deals to all enemies Imaginary DMG equal to the DMG multiplier dealt to the primary target. E 2 Strife Beholds Cry of Dead Eidolon 2 During ""Vendetta,"" the DMG dealt by Mydei ignores 15% of enemy targets' DEF. After he receives healing, converts 40% of the healed amount to Charge. The tally of the converted Charge cannot exceed 40 point(s). Resets this tally of Charge after any unit takes action. E 3 Honor Exalts Feast of Faith Eidolon 3 Skill Lv. +2 , up to a maximum of Lv. 15. Basic ATK Lv. +1 , up to a maximum of Lv. 10. E 4 Siren Jolts the Laconic Lion Eidolon 4 While in ""Vendetta,"" increases CRIT DMG by 30% and restores HP by 10% of this unit's Max HP after receiving attacks from enemy targets. E 5 War Chisels Flesh of Flame Eidolon 5 Ultimate Lv. +2 , up to a maximum of Lv. 15. Talent Lv. +2 , up to a maximum of Lv. 15. E 6 Legacy Scales Mound of Blood Eidolon 6 When entering battle, immediately enters the ""Vendetta"" state, and lowers the Charge required for ""Godslayer Be God"" to 100 point(s)."
Mydei,mydei,E2,2,"Increases the DMG multiplier dealt by ""Godslayer Be God"" to the primary target by","Increases the DMG multiplier dealt by ""Godslayer Be God"" to the primary target by 30% . This ability now deals to all enemies Imaginary DMG equal to the DMG multiplier dealt to the primary target. 30% . This ability now deals to all enemies Imaginary DMG equal to the DMG multiplier dealt to the primary target."
Mydei,mydei,E3,3,"During ""Vendetta,"" the DMG dealt by Mydei ignores","During ""Vendetta,"" the DMG dealt by Mydei ignores 15% of enemy targets' DEF. After he receives healing, converts 40% of the healed amount to Charge. The tally of the converted Charge cannot exceed 40 point(s). Resets this tally of Charge after any unit takes action. 15% of enemy targets' DEF. After he receives healing, converts 40% of the healed amount to Charge. The tally of the converted Charge cannot exceed 40 point(s). Resets this tally of Charge after any unit takes action."
Mydei,mydei,E4,4,Skill Lv.,"Skill Lv. +2 , up to a maximum of Lv. 15. Basic ATK Lv. +1 , up to a maximum of Lv. 10. +2 , up to a maximum of Lv. 15. Basic ATK Lv. +1 , up to a maximum of Lv. 10."
Mydei,mydei,E5,5,"While in ""Vendetta,"" increases CRIT DMG by","While in ""Vendetta,"" increases CRIT DMG by 30% and restores HP by 10% of this unit's Max HP after receiving attacks from enemy targets. 30% and restores HP by 10% of this unit's Max HP after receiving attacks from enemy targets."
Mydei,mydei,E6,6,Ultimate Lv.,"Ultimate Lv. +2 , up to a maximum of Lv. 15. Talent Lv. +2 , up to a maximum of Lv. 15. +2 , up to a maximum of Lv. 15. Talent Lv. +2 , up to a maximum of Lv. 15."
Mydei,mydei,E7,7,"When entering battle, immediately enters the ""Vendetta"" state, and lowers the Charge required for ""Godslayer Be God"" to","When entering battle, immediately enters the ""Vendetta"" state, and lowers the Charge required for ""Godslayer Be God"" to 100 point(s). 100 point(s)."
Natasha,natasha,E1,1,E,"Pharmacology Expertise 1 Pharmacology Expertise Eidolon 1 After being attacked, if the current HP percentage is 30% or lower, heals self for 1 time to restore HP by an amount equal to 15% of Max HP plus 400 . This effect can only be triggered 1 time per battle. E 2 Clinical Research Eidolon 2 When Natasha uses her Ultimate, grant continuous healing for 1 turn(s) to allies whose HP is at 30% or lower. And at the beginning of their turn, their HP is restored by an amount equal to 6% of Natasha's Max HP plus 160 . E 3 The Right Cure Eidolon 3 Skill Lv. +2 , up to a maximum of Lv. 15 . Basic ATK Lv. +1 . up to a maximum of Lv. 10 . E 4 Miracle Cure Eidolon 4 After being attacked, regenerates 5 extra Energy. E 5 Preventive Treatment Eidolon 5 Ultimate Lv. +2 , up to a maximum of Lv. 15. Talent Lv. +2 , up to a maximum of Lv. 15. E 6 Doctor’s Grace Eidolon 6 Natasha's Basic ATK deals Additional Physical DMG equal to 40% of her Max HP."
Natasha,natasha,E2,2,"After being attacked, if the current HP percentage is","After being attacked, if the current HP percentage is 30% or lower, heals self for 1 time to restore HP by an amount equal to 15% of Max HP plus 400 . This effect can only be triggered 1 time per battle. 30% or lower, heals self for 1 time to restore HP by an amount equal to 15% of Max HP plus 400 . This effect can only be triggered 1 time per battle."
Natasha,natasha,E3,3,"When Natasha uses her Ultimate, grant continuous healing for","When Natasha uses her Ultimate, grant continuous healing for 1 turn(s) to allies whose HP is at 30% or lower. And at the beginning of their turn, their HP is restored by an amount equal to 6% of Natasha's Max HP plus 160 . 1 turn(s) to allies whose HP is at 30% or lower. And at the beginning of their turn, their HP is restored by an amount equal to 6% of Natasha's Max HP plus 160 ."
Natasha,natasha,E4,4,Skill Lv.,"Skill Lv. +2 , up to a maximum of Lv. 15 . Basic ATK Lv. +1 . up to a maximum of Lv. 10 . +2 , up to a maximum of Lv. 15 . Basic ATK Lv. +1 . up to a maximum of Lv. 10 ."
Natasha,natasha,E5,5,"After being attacked, regenerates","After being attacked, regenerates 5 extra Energy. 5 extra Energy."
Natasha,natasha,E6,6,Ultimate Lv.,"Ultimate Lv. +2 , up to a maximum of Lv. 15. Talent Lv. +2 , up to a maximum of Lv. 15. +2 , up to a maximum of Lv. 15. Talent Lv. +2 , up to a maximum of Lv. 15."
Natasha,natasha,E7,7,Natasha's Basic ATK deals Additional,Natasha's Basic ATK deals Additional Physical DMG equal to 40% of her Max HP. Physical DMG equal to 40% of her Max HP.
Pearl,pearl,E1,1,E,1 Eidolon 1
Pearl,pearl,E2,2,,
Pela,pela,E1,1,E,"Victory Report 1 Victory Report Eidolon 1 When an enemy is defeated, Pela regenerates 5 Energy. E 2 Adamant Charge Eidolon 2 Using Skill to remove buff(s) increases SPD by 10% for 2 turn(s). E 3 Suppressive Force Eidolon 3 Skill Lv. +2 , up to a maximum of Lv. 15 . Basic ATK Lv. +1 . up to a maximum of Lv. 10 . E 4 Full Analysis Eidolon 4 When using Skill, there is a 100% base chance to reduce the target enemy's Ice RES by 12% for 2 turn(s). E 5 Absolute Jeopardy Eidolon 5 Ultimate Lv. +2 , up to a maximum of Lv. 15. Talent Lv. +2 , up to a maximum of Lv. 15. E 6 Feeble Pursuit Eidolon 6 When Pela attacks a debuffed enemy, she deals Additional Ice DMG equal to 40% of Pela's ATK to the enemy."
Pela,pela,E2,2,"When an enemy is defeated, Pela regenerates","When an enemy is defeated, Pela regenerates 5 Energy. 5 Energy."
Pela,pela,E3,3,Using Skill to remove buff(s) increases SPD by,Using Skill to remove buff(s) increases SPD by 10% for 2 turn(s). 10% for 2 turn(s).
Pela,pela,E4,4,Skill Lv.,"Skill Lv. +2 , up to a maximum of Lv. 15 . Basic ATK Lv. +1 . up to a maximum of Lv. 10 . +2 , up to a maximum of Lv. 15 . Basic ATK Lv. +1 . up to a maximum of Lv. 10 ."
Pela,pela,E5,5,"When using Skill, there is a","When using Skill, there is a 100% base chance to reduce the target enemy's Ice RES by 12% for 2 turn(s). 100% base chance to reduce the target enemy's Ice RES by 12% for 2 turn(s)."
Pela,pela,E6,6,Ultimate Lv.,"Ultimate Lv. +2 , up to a maximum of Lv. 15. Talent Lv. +2 , up to a maximum of Lv. 15. +2 , up to a maximum of Lv. 15. Talent Lv. +2 , up to a maximum of Lv. 15."
Pela,pela,E7,7,"When Pela attacks a debuffed enemy, she deals Additional Ice DMG equal to","When Pela attacks a debuffed enemy, she deals Additional Ice DMG equal to 40% of Pela's ATK to the enemy. 40% of Pela's ATK to the enemy."
Phainon,phainon,E1,1,E,"Flame and Light Bind Virtue and Vice 1 Flame and Light Bind Virtue and Vice Eidolon 1 The base SPD inheritance ratio of █████'s extra turn increases to 66% . For every enemy target defeated in one battle, further increases it by 1.5%, up to 84%. When using Ultimate, CRIT DMG increases by 50% , lasting for 3 turn(s). E 2 Eidolon 2 █████'s Physical RES PEN increases by 20% . When consuming 4 ""Scourge"" to use ""Foundation: Stardeath Verdict,"" gains 1 extra turn. E 3 Eidolon 3 Ultimate Lv. +2, up to a maximum of Lv. 15. Basic ATK Lv. +1, up to a maximum of Lv. 10. E 4 Eidolon 4 When using ""Calamity: Soulscorch Edict,"" additionally gains 4 stack(s) of ""Soulscorch."" E 5 Eidolon 5 Skill Lv. +2 , up to a maximum of Lv. 15. Talent Lv. +2 , up to a maximum of Lv. 15. E 6 Eidolon 6 The number of Overflow point for ""Coreflame"" no longer has an upper limit. When battle starts, gains 6 ""Coreflame(s)."" After using ""Foundation: Stardeath Verdict's"" attack, additionally deals True DMG equal to 36% of the total DMG dealt in this attack to the enemy with the highest HP."
Phainon,phainon,E2,2,The base SPD inheritance ratio of █████'s extra turn increases to,"The base SPD inheritance ratio of █████'s extra turn increases to 66% . For every enemy target defeated in one battle, further increases it by 1.5%, up to 84%. 66% . For every enemy target defeated in one battle, further increases it by 1.5%, up to 84%. When using Ultimate, CRIT DMG increases by 50% , lasting for 3 turn(s)."
Phainon,phainon,E3,3,█████'s Physical RES PEN increases by,"█████'s Physical RES PEN increases by 20% . When consuming 4 ""Scourge"" to use ""Foundation: Stardeath Verdict,"" gains 1 extra turn. 20% . When consuming 4 ""Scourge"" to use ""Foundation: Stardeath Verdict,"" gains 1 extra turn."
Phainon,phainon,E4,4,Ultimate Lv.,"Ultimate Lv. +2, up to a maximum of Lv. 15. Basic ATK Lv. +1, up to a maximum of Lv. 10. +2, up to a maximum of Lv. 15. Basic ATK Lv. +1, up to a maximum of Lv. 10."
Phainon,phainon,E5,5,"When using ""Calamity: Soulscorch Edict,"" additionally gains","When using ""Calamity: Soulscorch Edict,"" additionally gains 4 stack(s) of ""Soulscorch."" 4 stack(s) of ""Soulscorch."""
Phainon,phainon,E6,6,Skill Lv.,"Skill Lv. +2 , up to a maximum of Lv. 15. Talent Lv. +2 , up to a maximum of Lv. 15. +2 , up to a maximum of Lv. 15. Talent Lv. +2 , up to a maximum of Lv. 15."
Phainon,phainon,E7,7,"The number of Overflow point for ""Coreflame"" no longer has an upper limit. When battle starts, gains","The number of Overflow point for ""Coreflame"" no longer has an upper limit. When battle starts, gains 6 ""Coreflame(s)."" After using ""Foundation: Stardeath Verdict's"" attack, additionally deals True DMG equal to 36% of the total DMG dealt in this attack to the enemy with the highest HP. 6 ""Coreflame(s)."" After using ""Foundation: Stardeath Verdict's"" attack, additionally deals True DMG equal to 36% of the total DMG dealt in this attack to the enemy with the highest HP."
Qingque,qingque,E1,1,E,"Rise Through the Tiles 1 Rise Through the Tiles Eidolon 1 Ultimate deals 10% more DMG. E 2 Sleep on the Tiles Eidolon 2 Every time Draw Tile is triggered, Qingque immediately regenerates 1 Energy. E 3 Read Between the Tiles Eidolon 3 Ultimate Lv. +2 , up to a maximum of Lv. 15. Talent Lv. +2 , up to a maximum of Lv. 15. E 4 Right on the Tiles Eidolon 4 After this character's Skill is used, there is a 24% fixed chance to gain Autarky, which lasts until the end of the current turn. With Autarky, using Basic ATK or Enhanced Basic ATK immediately launches 1 follow-up attack on the same target, dealing Quantum DMG equal to 100% of the previous Basic ATK (or Enhanced Basic ATK)'s DMG. E 5 Gambit for the Tiles Eidolon 5 Skill Lv. +2 , up to a maximum of Lv. 15. Basic ATK Lv. +1 , up to a maximum of Lv. 10. E 6 Prevail Beyond the Tiles Eidolon 6 Recovers 1 Skill Point after using Enhanced Basic ATK."
Qingque,qingque,E2,2,Ultimate deals,Ultimate deals 10% more DMG. 10% more DMG.
Qingque,qingque,E3,3,"Every time Draw Tile is triggered, Qingque immediately regenerates","Every time Draw Tile is triggered, Qingque immediately regenerates 1 Energy. 1 Energy."
Qingque,qingque,E4,4,Ultimate Lv.,"Ultimate Lv. +2 , up to a maximum of Lv. 15. Talent Lv. +2 , up to a maximum of Lv. 15. +2 , up to a maximum of Lv. 15. Talent Lv. +2 , up to a maximum of Lv. 15."
Qingque,qingque,E5,5,"After this character's Skill is used, there is a","After this character's Skill is used, there is a 24% fixed chance to gain Autarky, which lasts until the end of the current turn. With Autarky, using Basic ATK or Enhanced Basic ATK immediately launches 1 follow-up attack on the same target, dealing Quantum DMG equal to 100% of the previous Basic ATK (or Enhanced Basic ATK)'s DMG. 24% fixed chance to gain Autarky, which lasts until the end of the current turn. With Autarky, using Basic ATK or Enhanced Basic ATK immediately launches 1 follow-up attack on the same target, dealing Quantum DMG equal to 100% of the previous Basic ATK (or Enhanced Basic ATK)'s DMG."
Qingque,qingque,E6,6,Skill Lv.,"Skill Lv. +2 , up to a maximum of Lv. 15. Basic ATK Lv. +1 , up to a maximum of Lv. 10. +2 , up to a maximum of Lv. 15. Basic ATK Lv. +1 , up to a maximum of Lv. 10."
Qingque,qingque,E7,7,,Recovers 1 Skill Point after using Enhanced Basic ATK.
Rappa,rappa,E1,1,E,"Returned Is the Revenant With No Ferry Toll 1 Returned Is the Revenant With No Ferry Toll Eidolon 1 During the ""Sealform"" state entered by using Ultimate, DMG dealt by Rappa ignores 15% of the targets' DEF. After exiting the ""Sealform"" state, regenerates 20 Energy. E 2 Free Is the Mind Enlightened by Haikus Eidolon 2 The Enhanced Basic ATK's first 2 hits have their Toughness Reduction against the one designated enemy increased by 50% . E 3 Many Are the Shrines That Repel No Hell Eidolon 3 Skill Lv. +2 , up to a maximum of Lv. 15. Talent Lv. +2, up to a maximum of Lv. 15. E 4 Lost Is the Nindō Devoured by Time Eidolon 4 While in the ""Sealform"" state, increases all allies' SPD by 12% . E 5 Steady Is The Ranger With Unerring Arrows Eidolon 5 Ultimate Lv. +2 , up to a maximum of Lv. 15. Basic ATK Lv. +1 , up to a maximum of Lv. 10. E 6 Righteous Is the Wrath That Spares No Evil Eidolon 6 When battle starts, Rappa gains 5 point(s) of her Talent's Charge, and its upper limit increases by 5 point(s). After launching the third hit of ""Ningu: Demonbane Petalblade,"" gains 5 point(s) of Charge."
Rappa,rappa,E2,2,"During the ""Sealform"" state entered by using Ultimate, DMG dealt by Rappa ignores","During the ""Sealform"" state entered by using Ultimate, DMG dealt by Rappa ignores 15% of the targets' DEF. After exiting the ""Sealform"" state, regenerates 20 Energy. 15% of the targets' DEF. After exiting the ""Sealform"" state, regenerates 20 Energy."
Rappa,rappa,E3,3,The Enhanced Basic ATK's first 2 hits have their Toughness Reduction against the one designated enemy increased by,The Enhanced Basic ATK's first 2 hits have their Toughness Reduction against the one designated enemy increased by 50% . 50% .
Rappa,rappa,E4,4,Skill Lv.,"Skill Lv. +2 , up to a maximum of Lv. 15. Talent Lv. +2, up to a maximum of Lv. 15. +2 , up to a maximum of Lv. 15. Talent Lv. +2, up to a maximum of Lv. 15."
Rappa,rappa,E5,5,"While in the ""Sealform"" state, increases all allies' SPD by","While in the ""Sealform"" state, increases all allies' SPD by 12% . 12% ."
Rappa,rappa,E6,6,Ultimate Lv.,"Ultimate Lv. +2 , up to a maximum of Lv. 15. Basic ATK Lv. +1 , up to a maximum of Lv. 10. +2 , up to a maximum of Lv. 15. Basic ATK Lv. +1 , up to a maximum of Lv. 10."
Rappa,rappa,E7,7,"When battle starts, Rappa gains","When battle starts, Rappa gains 5 point(s) of her Talent's Charge, and its upper limit increases by 5 point(s). After launching the third hit of ""Ningu: Demonbane Petalblade,"" gains 5 point(s) of Charge. 5 point(s) of her Talent's Charge, and its upper limit increases by 5 point(s). After launching the third hit of ""Ningu: Demonbane Petalblade,"" gains 5 point(s) of Charge."
Rin Tohsaka,rin-tohsaka,E1,1,30,Zelretch's Apprentice
Rin Tohsaka,rin-tohsaka,E2,2,30,"If one instance of the Enhanced Skill consumes 30 or more ""Gem Energy,"" Rin Tohsaka gains ""Shadow Gem"" equal to the amount of ""Gem Energy"" consumed."
Rin Tohsaka,rin-tohsaka,E3,3,30%,"Rin Tohsaka's Skill DMG dealt increases by 30% . While Rin Tohsaka is on the field, Skill DMG dealt by all allies becomes 130% of the original DMG."
Rin Tohsaka,rin-tohsaka,E4,4,+2,"Skill Lv. +2 , up to a maximum of Lv. 15."
Rin Tohsaka,rin-tohsaka,E5,5,2,"When the CRIT DMG boost effect from the Talent ""Gem Magecraft"" applies to Rin Tohsaka, the effect can stack, up to 2 time(s)."
Rin Tohsaka,rin-tohsaka,E6,6,+2,"Ultimate Lv. +2 , up to a maximum of Lv. 15."
Rin Tohsaka,rin-tohsaka,E7,7,20%,"Rin Tohsaka's All-Type RES PEN increases by 20% . When using Ultimate, gains 24 ""Gem Energy"" and 1 extra turn."
Robin,robin,E1,1,E,"Land of Smiles 1 Land of Smiles Eidolon 1 While the Concerto state is active, all allies' All-Type RES PEN increases by 24% . E 2 Afternoon Tea For Two Eidolon 2 While the Concerto state is active, all allies' SPD increases by 16% . The Talent's Energy Regeneration effect additionally increases by 1 . E 3 Inverted Tuning Eidolon 3 Skill Lv. +2 , up to a maximum of Lv. 15. Ultimate Lv. +2 , up to a maximum of Lv. 15. E 4 Raindrop Key Eidolon 4 When using the Ultimate, dispels Crowd Control debuffs from all allies. While Robin is in the Concerto state, increases the Effect RES of all allies by 50% . E 5 Lonestar's Lament Eidolon 5 Basic ATK Lv. +1 , up to a maximum of Lv. 10. Talent Lv. +2 , up to a maximum of Lv. 15. E 6 Moonless Midnight Eidolon 6 While the Concerto state is active, the CRIT DMG of the Additional Physical DMG caused by the Ultimate increases by 450% . The effect of Moonless Midnight can trigger up to 8 time(s). And the trigger count resets each time the Ultimate is used."
Robin,robin,E2,2,"While the Concerto state is active, all allies' All-Type RES PEN increases by","While the Concerto state is active, all allies' All-Type RES PEN increases by 24% . 24% ."
Robin,robin,E3,3,"While the Concerto state is active, all allies' SPD increases by","While the Concerto state is active, all allies' SPD increases by 16% . The Talent's Energy Regeneration effect additionally increases by 1 . 16% . The Talent's Energy Regeneration effect additionally increases by 1 ."
Robin,robin,E4,4,Skill Lv.,"Skill Lv. +2 , up to a maximum of Lv. 15. Ultimate Lv. +2 , up to a maximum of Lv. 15. +2 , up to a maximum of Lv. 15. Ultimate Lv. +2 , up to a maximum of Lv. 15."
Robin,robin,E5,5,"When using the Ultimate, dispels Crowd Control debuffs from all allies. While Robin is in the Concerto state, increases the Effect RES of all allies by","When using the Ultimate, dispels Crowd Control debuffs from all allies. While Robin is in the Concerto state, increases the Effect RES of all allies by 50% . 50% ."
Robin,robin,E6,6,Basic ATK Lv.,"Basic ATK Lv. +1 , up to a maximum of Lv. 10. Talent Lv. +2 , up to a maximum of Lv. 15. +1 , up to a maximum of Lv. 10. Talent Lv. +2 , up to a maximum of Lv. 15."
Robin,robin,E7,7,"While the Concerto state is active, the CRIT DMG of the Additional Physical DMG caused by the Ultimate increases by","While the Concerto state is active, the CRIT DMG of the Additional Physical DMG caused by the Ultimate increases by 450% . The effect of Moonless Midnight can trigger up to 8 time(s). And the trigger count resets each time the Ultimate is used. 450% . The effect of Moonless Midnight can trigger up to 8 time(s). And the trigger count resets each time the Ultimate is used."
Robin Summeretto,robin-summeretto,E1,1,E,"Stray Bird of Summer 1 Stray Bird of Summer Eidolon 1 ""Summer Songbirds"" records 100% of the non-True DMG dealt by ally targets. When using the Memosprite Skill, it additionally deals True DMG equal to 11% of the total recorded DMG plus current Vibes points × 0.1% to the enemy target with the highest HP, then clears 50% of the recorded value. E 2 A Heart of Still Water Eidolon 2 Increases All-Type RES PEN of ally targets by 18%. Robin • Summeretto's Max Vibes increases by 20. The first time an ally target uses an ability that causes Robin • Summeretto to gain Vibes within any target's turn, she gains an additional 2 points. E 3 Echoes Left Along the Way Eidolon 3 Skill Lv. +2, up to a maximum of Lv. 15. Talent Lv. +2, up to a maximum of Lv. 15. Memosprite Talent Lv. +1, up to a maximum of Lv. 10. E 4 Her Variation on the Theme Eidolon 4 Upon entering the ""Fever"" state, immediately gains 12 point(s) of Vibes, and the SPD of ""Summer Songbirds"" increases by 20% plus current Vibes × 0.5%. E 5 To Chase the Dawn Anew Eidolon 5 Ultimate Lv. +2, up to a maximum of Lv. 15. Basic ATK Lv. +1, up to a maximum of Lv. 10. Memosprite Skill Lv. +1, up to a maximum of Lv. 10. E 6 A Song Yet Unnamed Eidolon 6 Increases the Memosprite Skill's DMG multiplier by 100% of the original multiplier. While in the ""Fever"" state, Robin • Summeretto's Ultimate can be stored up to 2 times. After entering the ""Fever"" state for the first time or at the start of a ""Fever"" countdown turn in this battle, regenerates a fixed amount of 140 Energy."
Robin Summeretto,robin-summeretto,E2,2,,"""Summer Songbirds"" records 100% of the non-True DMG dealt by ally targets. When using the Memosprite Skill, it additionally deals True DMG equal to 11% of the total recorded DMG plus current Vibes points × 0.1% to the enemy target with the highest HP, then clears 50% of the recorded value."
Robin Summeretto,robin-summeretto,E3,3,,"Increases All-Type RES PEN of ally targets by 18%. Robin • Summeretto's Max Vibes increases by 20. The first time an ally target uses an ability that causes Robin • Summeretto to gain Vibes within any target's turn, she gains an additional 2 points."
Robin Summeretto,robin-summeretto,E4,4,,"Skill Lv. +2, up to a maximum of Lv. 15. Talent Lv. +2, up to a maximum of Lv. 15. Memosprite Talent Lv. +1, up to a maximum of Lv. 10."
Robin Summeretto,robin-summeretto,E5,5,,"Upon entering the ""Fever"" state, immediately gains 12 point(s) of Vibes, and the SPD of ""Summer Songbirds"" increases by 20% plus current Vibes × 0.5%."
Robin Summeretto,robin-summeretto,E6,6,,"Ultimate Lv. +2, up to a maximum of Lv. 15. Basic ATK Lv. +1, up to a maximum of Lv. 10. Memosprite Skill Lv. +1, up to a maximum of Lv. 10."
Robin Summeretto,robin-summeretto,E7,7,,"Increases the Memosprite Skill's DMG multiplier by 100% of the original multiplier. While in the ""Fever"" state, Robin • Summeretto's Ultimate can be stored up to 2 times. After entering the ""Fever"" state for the first time or at the start of a ""Fever"" countdown turn in this battle, regenerates a fixed amount of 140 Energy."
Ruan Mei,ruan-mei,E1,1,E,"Neuronic Embroidery 1 Neuronic Embroidery Eidolon 1 While the Ultimate's field is deployed, the DMG dealt by all allies ignores 20% of the target's DEF. E 2 Reedside Promenade Eidolon 2 With Ruan Mei on the field, all allies increase their ATK by 40% when dealing DMG to enemies with Weakness Break. E 3 Viridescent Pirouette Eidolon 3 Ultimate Lv. +2 , up to a maximum of Lv. 15. Talent Lv. +2 , up to a maximum of Lv. 15. E 4 Chatoyant Éclat Eidolon 4 When an enemy target's Weakness is Broken, Ruan Mei's Break Effect increases by 100% for 3 turn(s). E 5 Languid Barrette Eidolon 5 Skill Lv. +2 , up to a maximum of Lv. 15. Basic ATK Lv. +1 , up to a maximum of Lv. 10. E 6 Sash Cascade Eidolon 6 Extends the duration of the Ultimate's field by 1 turn(s). The Talent's Break DMG multiplier additionally increases by 200% ."
Ruan Mei,ruan-mei,E2,2,"While the Ultimate's field is deployed, the DMG dealt by all allies ignores","While the Ultimate's field is deployed, the DMG dealt by all allies ignores 20% of the target's DEF. 20% of the target's DEF."
Ruan Mei,ruan-mei,E3,3,"With Ruan Mei on the field, all allies increase their ATK by","With Ruan Mei on the field, all allies increase their ATK by 40% when dealing DMG to enemies with Weakness Break. 40% when dealing DMG to enemies with Weakness Break."
Ruan Mei,ruan-mei,E4,4,Ultimate Lv.,"Ultimate Lv. +2 , up to a maximum of Lv. 15. Talent Lv. +2 , up to a maximum of Lv. 15. +2 , up to a maximum of Lv. 15. Talent Lv. +2 , up to a maximum of Lv. 15."
Ruan Mei,ruan-mei,E5,5,"When an enemy target's Weakness is Broken, Ruan Mei's Break Effect increases by","When an enemy target's Weakness is Broken, Ruan Mei's Break Effect increases by 100% for 3 turn(s). 100% for 3 turn(s)."
Ruan Mei,ruan-mei,E6,6,Skill Lv.,"Skill Lv. +2 , up to a maximum of Lv. 15. Basic ATK Lv. +1 , up to a maximum of Lv. 10. +2 , up to a maximum of Lv. 15. Basic ATK Lv. +1 , up to a maximum of Lv. 10."
Ruan Mei,ruan-mei,E7,7,Extends the duration of the Ultimate's field by,Extends the duration of the Ultimate's field by 1 turn(s). The Talent's Break DMG multiplier additionally increases by 200% . 1 turn(s). The Talent's Break DMG multiplier additionally increases by 200% .
Saber,saber,E1,1,E,"The Lost White Walls 1 The Lost White Walls Eidolon 1 Increases Ultimate DMG dealt by Saber by 60% . After Saber uses a Basic ATK or Skill, gains 1 ""Core Resonance."" E 2 The Lost Oath of the Round Table Eidolon 2 For each point of ""Core Resonance"" gained in this battle, Saber's DMG dealt ignores 1% of the target's DEF. This effect can stack up to 15 time(s). When triggering the ""Core Resonance's"" Skill multiplier effect, each point of ""Core Resonance"" additionally increases the DMG multiplier for this instance of Skill by 7% . E 3 A Wish Across Fifteen Centuries Eidolon 3 Ultimate Lv. + 2 , up to a maximum of Lv. 15 . Basic ATK Lv. + 1 , up to a maximum of Lv. 10 . E 4 The Saga of Sixteen Winter Days Eidolon 4 Increases Saber's Wind RES PEN by 8% . After using Ultimate, increases Saber's Wind RES PEN by 4% . This effect can stack up to 3 time(s). E 5 The Dreamed Utopian Dawn Eidolon 5 Skill Lv. + 2 , up to a maximum of Lv. 15 . Talent Lv. + 2 , up to a maximum of Lv. 15 . E 6 The Long Fated Night Eidolon 6 Wind RES PEN of Ultimate DMG dealt by Saber increases by 20% , and the Overflow Energy that can be accumulated by the Trace ""Blessing of the Lake"" increases to 200 . When using Ultimate for the first time after entering battle, regenerates a fixed 300 Energy for Saber. This effect can be triggered 1 time after every 3 Ultimate use(s)."
Saber,saber,E2,2,Increases Ultimate DMG dealt by Saber by,"Increases Ultimate DMG dealt by Saber by 60% . After Saber uses a Basic ATK or Skill, gains 1 ""Core Resonance."" 60% . After Saber uses a Basic ATK or Skill, gains 1 ""Core Resonance."""
Saber,saber,E3,3,"For each point of ""Core Resonance"" gained in this battle, Saber's DMG dealt ignores","For each point of ""Core Resonance"" gained in this battle, Saber's DMG dealt ignores 1% of the target's DEF. This effect can stack up to 15 time(s). When triggering the ""Core Resonance's"" Skill multiplier effect, each point of ""Core Resonance"" additionally increases the DMG multiplier for this instance of Skill by 7% . 1% of the target's DEF. This effect can stack up to 15 time(s). When triggering the ""Core Resonance's"" Skill multiplier effect, each point of ""Core Resonance"" additionally increases the DMG multiplier for this instance of Skill by 7% ."
Saber,saber,E4,4,Ultimate Lv. +,"Ultimate Lv. + 2 , up to a maximum of Lv. 15 . Basic ATK Lv. + 1 , up to a maximum of Lv. 10 . 2 , up to a maximum of Lv. 15 . Basic ATK Lv. + 1 , up to a maximum of Lv. 10 ."
Saber,saber,E5,5,Increases Saber's Wind RES PEN by,"Increases Saber's Wind RES PEN by 8% . After using Ultimate, increases Saber's Wind RES PEN by 4% . This effect can stack up to 3 time(s). 8% . After using Ultimate, increases Saber's Wind RES PEN by 4% . This effect can stack up to 3 time(s)."
Saber,saber,E6,6,Skill Lv. +,"Skill Lv. + 2 , up to a maximum of Lv. 15 . Talent Lv. + 2 , up to a maximum of Lv. 15 . 2 , up to a maximum of Lv. 15 . Talent Lv. + 2 , up to a maximum of Lv. 15 ."
Saber,saber,E7,7,Wind RES PEN of Ultimate DMG dealt by Saber increases by,"Wind RES PEN of Ultimate DMG dealt by Saber increases by 20% , and the Overflow Energy that can be accumulated by the Trace ""Blessing of the Lake"" increases to 200 . When using Ultimate for the first time after entering battle, regenerates a fixed 300 Energy for Saber. This effect can be triggered 1 time after every 3 Ultimate use(s). 20% , and the Overflow Energy that can be accumulated by the Trace ""Blessing of the Lake"" increases to 200 . When using Ultimate for the first time after entering battle, regenerates a fixed 300 Energy for Saber. This effect can be triggered 1 time after every 3 Ultimate use(s)."
Sampo,sampo,E1,1,E,"Rising Love 1 Rising Love Eidolon 1 When using Skill, deals DMG for 1 extra time(s) to a random enemy. E 2 Infectious Enthusiasm Eidolon 2 When an enemy with Wind Shear is defeated, there is a 100% base chance to inflict 1 stack(s) of Wind Shear, equivalent to the Talent's Wind Shear . E 3 Big Money! Eidolon 3 Skill Lv. +2 , up to a maximum of Lv. 15 . Basic ATK Lv. +1 . up to a maximum of Lv. 10 . E 4 The Deeper the Love, the Stronger the Hate Eidolon 4 When Skill hits an enemy with 5 or more stack(s) of Wind Shear , the enemy immediately takes 8% of current Wind Shear DMG . E 5 Huuuuge Money! Eidolon 5 Ultimate Lv. +2 , up to a maximum of Lv. 15. Talent Lv. +2 , up to a maximum of Lv. 15. E 6 Increased Spending Eidolon 6 Talent's Wind Shear DMG multiplier increases by 15% ."
Sampo,sampo,E2,2,"When using Skill, deals DMG for","When using Skill, deals DMG for 1 extra time(s) to a random enemy. 1 extra time(s) to a random enemy."
Sampo,sampo,E3,3,When an enemy with,"When an enemy with Wind Shear is defeated, there is a 100% base chance to inflict 1 stack(s) of Wind Shear, equivalent to the Talent's Wind Shear . Wind Shear is defeated, there is a 100% base chance to inflict 1 stack(s) of Wind Shear, equivalent to the Talent's Wind Shear ."
Sampo,sampo,E4,4,Skill Lv.,"Skill Lv. +2 , up to a maximum of Lv. 15 . Basic ATK Lv. +1 . up to a maximum of Lv. 10 . +2 , up to a maximum of Lv. 15 . Basic ATK Lv. +1 . up to a maximum of Lv. 10 ."
Sampo,sampo,E5,5,When Skill hits an enemy with,"When Skill hits an enemy with 5 or more stack(s) of Wind Shear , the enemy immediately takes 8% of current Wind Shear DMG . 5 or more stack(s) of Wind Shear , the enemy immediately takes 8% of current Wind Shear DMG ."
Sampo,sampo,E6,6,Ultimate Lv.,"Ultimate Lv. +2 , up to a maximum of Lv. 15. Talent Lv. +2 , up to a maximum of Lv. 15. +2 , up to a maximum of Lv. 15. Talent Lv. +2 , up to a maximum of Lv. 15."
Sampo,sampo,E7,7,Talent's,Talent's Wind Shear DMG multiplier increases by 15% . Wind Shear DMG multiplier increases by 15% .
Seele,seele,E1,1,E,"Extirpating Slash 1 Extirpating Slash Eidolon 1 When dealing DMG to an enemy whose HP percentage is 80% or lower, increases CRIT Rate by 15% , and DMG ignores 20% of target's DEF. E 2 Dancing Butterfly Eidolon 2 The SPD Boost effect of Seele's Skill can stack up to 2 time(s). E 3 Dazzling Tumult Eidolon 3 Skill Lv. +2 , up to a maximum of Lv. 15. Talent Lv. +2, up to a maximum of Lv. 15. E 4 Flitting Phantasm Eidolon 4 Seele regenerates 15 Energy when she defeats an enemy. E 5 Piercing Shards Eidolon 5 Ultimate Lv. +2 , up to a maximum of Lv. 15. Basic ATK Lv. +1 , up to a maximum of Lv. 10. E 6 Shattering Shambles Eidolon 6 After attacking with Ultimate, Seele inflicts ""Butterfly Flurry"" on the target for 3 turn(s). Enemy targets in ""Butterfly Flurry"" will additionally take 1 instance of True DMG equal to 30% of Seele's Ultimate DMG after receiving an attack. When the target under the ""Butterfly Flurry"" state is defeated by any unit, Seele's Talent will also be triggered. When Seele is knocked down, the ""Butterfly Flurry"" inflicted on the enemies will be removed."
Seele,seele,E2,2,When dealing DMG to an enemy whose HP percentage is,"When dealing DMG to an enemy whose HP percentage is 80% or lower, increases CRIT Rate by 15% , and DMG ignores 20% of target's DEF. 80% or lower, increases CRIT Rate by 15% , and DMG ignores 20% of target's DEF."
Seele,seele,E3,3,The SPD Boost effect of Seele's Skill can stack up to,The SPD Boost effect of Seele's Skill can stack up to 2 time(s). 2 time(s).
Seele,seele,E4,4,Skill Lv.,"Skill Lv. +2 , up to a maximum of Lv. 15. Talent Lv. +2, up to a maximum of Lv. 15. +2 , up to a maximum of Lv. 15. Talent Lv. +2, up to a maximum of Lv. 15."
Seele,seele,E5,5,Seele regenerates,Seele regenerates 15 Energy when she defeats an enemy. 15 Energy when she defeats an enemy.
Seele,seele,E6,6,Ultimate Lv.,"Ultimate Lv. +2 , up to a maximum of Lv. 15. Basic ATK Lv. +1 , up to a maximum of Lv. 10. +2 , up to a maximum of Lv. 15. Basic ATK Lv. +1 , up to a maximum of Lv. 10."
Seele,seele,E7,7,"After attacking with Ultimate, Seele inflicts ""Butterfly Flurry"" on the target for","After attacking with Ultimate, Seele inflicts ""Butterfly Flurry"" on the target for 3 turn(s). Enemy targets in ""Butterfly Flurry"" will additionally take 1 instance of True DMG equal to 30% of Seele's Ultimate DMG after receiving an attack. When the target under the ""Butterfly Flurry"" state is defeated by any unit, Seele's Talent will also be triggered. 3 turn(s). Enemy targets in ""Butterfly Flurry"" will additionally take 1 instance of True DMG equal to 30% of Seele's Ultimate DMG after receiving an attack. When the target under the ""Butterfly Flurry"" state is defeated by any unit, Seele's Talent will also be triggered. When Seele is knocked down, the ""Butterfly Flurry"" inflicted on the enemies will be removed."
Serval,serval,E1,1,E,"Echo Chamber 1 Echo Chamber Eidolon 1 Basic ATK deals Lightning DMG equal to 60% of the Basic ATK's DMG to a random enemy adjacent to the target of the Basic ATK. E 2 Encore! Eidolon 2 Every time Serval's Talent is triggered to deal Additional DMG, she regenerates 4 Energy. E 3 Listen, the Heartbeat of the Gears Eidolon 3 Skill Lv. +2 , up to a maximum of Lv. 15 . Basic ATK Lv. +1 . up to a maximum of Lv. 10 . E 4 Make Some Noise! Eidolon 4 Ultimate has a 100% base chance to apply Shock to any enemies not currently Shocked. This Shock has the same effects as the one applied by Skill. E 5 Belobog’s Loudest Roar! Eidolon 5 Ultimate Lv. +2 , up to a maximum of Lv. 15. Talent Lv. +2 , up to a maximum of Lv. 15. E 6 This Song Rocks to Heaven! Eidolon 6 Serval deals 30% more DMG to Shocked enemies."
Serval,serval,E2,2,Basic ATK deals,Basic ATK deals Lightning DMG equal to 60% of the Basic ATK's DMG to a random enemy adjacent to the target of the Basic ATK. Lightning DMG equal to 60% of the Basic ATK's DMG to a random enemy adjacent to the target of the Basic ATK.
Serval,serval,E3,3,"Every time Serval's Talent is triggered to deal Additional DMG, she regenerates","Every time Serval's Talent is triggered to deal Additional DMG, she regenerates 4 Energy. 4 Energy."
Serval,serval,E4,4,Skill Lv.,"Skill Lv. +2 , up to a maximum of Lv. 15 . Basic ATK Lv. +1 . up to a maximum of Lv. 10 . +2 , up to a maximum of Lv. 15 . Basic ATK Lv. +1 . up to a maximum of Lv. 10 ."
Serval,serval,E5,5,Ultimate has a,Ultimate has a 100% base chance to apply Shock to any enemies not currently Shocked. This Shock has the same effects as the one applied by Skill. 100% base chance to apply Shock to any enemies not currently Shocked. This Shock has the same effects as the one applied by Skill.
Serval,serval,E6,6,Ultimate Lv.,"Ultimate Lv. +2 , up to a maximum of Lv. 15. Talent Lv. +2 , up to a maximum of Lv. 15. +2 , up to a maximum of Lv. 15. Talent Lv. +2 , up to a maximum of Lv. 15."
Serval,serval,E7,7,Serval deals,Serval deals 30% more DMG to Shocked enemies. 30% more DMG to Shocked enemies.
Silver Wolf,silver-wolf,E1,1,E,"Social Engineering 1 Social Engineering Eidolon 1 After using her Ultimate to attack enemies, Silver Wolf regenerates 7 Energy for every debuff that the target enemy currently has. This effect can be triggered up to 5 time(s) in each use of her Ultimate. E 2 Zombie Network Eidolon 2 When enemy target enters battle, increases DMG received by 20% . When the enemy target receives an attack from ally targets, Silver Wolf has a 100% base chance of implanting the attacked enemy target with 1 random ""Bug."" E 3 Payload Eidolon 3 Skill Lv. +2 , up to a maximum of Lv. 15 . Talent Lv. +2 , up to a maximum of Lv. 15 . E 4 Bounce Attack Eidolon 4 After using Silver Wolf's Ultimate to attack any enemy target, deals Quantum Additional DMG equal to 20% of Silver Wolf's ATK for every debuff currently on the enemy target. This effect can be triggered for a maximum of 5 times against each target during each use of her Ultimate. E 5 Brute Force Attack Eidolon 5 Ultimate Lv. +2 , up to a maximum of Lv. 15 . Basic ATK Lv. +1 , up to a maximum of Lv. 10 . E 6 Overlay Network Eidolon 6 For every debuff the target enemy has, the DMG dealt by Silver Wolf increases by 20% , up to a limit of 100% ."
Silver Wolf,silver-wolf,E2,2,"After using her Ultimate to attack enemies, Silver Wolf regenerates","After using her Ultimate to attack enemies, Silver Wolf regenerates 7 Energy for every debuff that the target enemy currently has. This effect can be triggered up to 5 time(s) in each use of her Ultimate. 7 Energy for every debuff that the target enemy currently has. This effect can be triggered up to 5 time(s) in each use of her Ultimate."
Silver Wolf,silver-wolf,E3,3,"When enemy target enters battle, increases DMG received by","When enemy target enters battle, increases DMG received by 20% . When the enemy target receives an attack from ally targets, Silver Wolf has a 100% base chance of implanting the attacked enemy target with 1 random ""Bug."" 20% . When the enemy target receives an attack from ally targets, Silver Wolf has a 100% base chance of implanting the attacked enemy target with 1 random ""Bug."""
Silver Wolf,silver-wolf,E4,4,Skill Lv.,"Skill Lv. +2 , up to a maximum of Lv. 15 . Talent Lv. +2 , up to a maximum of Lv. 15 . +2 , up to a maximum of Lv. 15 . Talent Lv. +2 , up to a maximum of Lv. 15 ."
Silver Wolf,silver-wolf,E5,5,"After using Silver Wolf's Ultimate to attack any enemy target, deals","After using Silver Wolf's Ultimate to attack any enemy target, deals Quantum Additional DMG equal to 20% of Silver Wolf's ATK for every debuff currently on the enemy target. This effect can be triggered for a maximum of 5 times against each target during each use of her Ultimate. Quantum Additional DMG equal to 20% of Silver Wolf's ATK for every debuff currently on the enemy target. This effect can be triggered for a maximum of 5 times against each target during each use of her Ultimate."
Silver Wolf,silver-wolf,E6,6,Ultimate Lv.,"Ultimate Lv. +2 , up to a maximum of Lv. 15 . Basic ATK Lv. +1 , up to a maximum of Lv. 10 . +2 , up to a maximum of Lv. 15 . Basic ATK Lv. +1 , up to a maximum of Lv. 10 ."
Silver Wolf,silver-wolf,E7,7,"For every debuff the target enemy has, the DMG dealt by Silver Wolf increases by","For every debuff the target enemy has, the DMG dealt by Silver Wolf increases by 20% , up to a limit of 100% . 20% , up to a limit of 100% ."
Silver Wolf • Lv. 999,silver-wolf-lv-999,E1,1,E,"Aether Editing: Eidolon +1 1 Aether Editing: Eidolon +1 Eidolon 1 Increases the DMG taken by enemy targets in the Zone by 20% . When leaving the ""Godmode Player"" state, ""Hidden MMR"" will not be cleared, 20% of ""Hidden MMR"" will be retained instead. E 2 It's a Feature, Not a Bug Eidolon 2 After entering the ""Godmode Player"" state, all buffs on this unit are extended by 1 turn. In the current ""Godmode Player"" state, for every 120 point(s) of ""Hidden MMR"" (including the initial ""Hidden MMR"") increased, Silver Wolf LV.999 gains 1 extra turn and regains 1 use of Enhanced Basic ATK. E 3 Max Lv. 15? Says who? Eidolon 3 Skill Lv. +2, up to a maximum of Lv. 15. Basic ATK Lv. +1 , up to a maximum of Lv. 10. Elation Skill Lv. +1 , up to a maximum of Lv. 15. E 4 I Came. I Saw. I One‑Shot. Eidolon 4 Elation DMG dealt by ""Honkai-DMG Demo"" additionally takes into account Punchline points times 5 . E 5 Basic ATK Is the New Ultimate Eidolon 5 Ultimate Lv. +2 , up to a maximum of Lv. 15. Talent Lv. +2 , up to a maximum of Lv. 15. Elation Skill Lv. +1 , up to a maximum of Lv. 15. E 6 Solo Maxxing! Eidolon 6 Elation DMG dealt during Enhanced Basic ATK merrymakes by 50% . When enemy targets enter combat, they are inflicted with ""Absolute Weakness"": Has All-Type Weakness, and All-Type Base RES is reduced to 0 (If Base RES is already at 0, then the corresponding Type RES decreases by 20% )."
Silver Wolf • Lv. 999,silver-wolf-lv-999,E2,2,Increases the DMG taken by enemy targets in the Zone by,"Increases the DMG taken by enemy targets in the Zone by 20% . When leaving the ""Godmode Player"" state, ""Hidden MMR"" will not be cleared, 20% of ""Hidden MMR"" will be retained instead. 20% . When leaving the ""Godmode Player"" state, ""Hidden MMR"" will not be cleared, 20% of ""Hidden MMR"" will be retained instead."
Silver Wolf • Lv. 999,silver-wolf-lv-999,E3,3,"After entering the ""Godmode Player"" state, all buffs on this unit are extended by","After entering the ""Godmode Player"" state, all buffs on this unit are extended by 1 turn. In the current ""Godmode Player"" state, for every 120 point(s) of ""Hidden MMR"" (including the initial ""Hidden MMR"") increased, Silver Wolf LV.999 gains 1 extra turn and regains 1 use of Enhanced Basic ATK. 1 turn. In the current ""Godmode Player"" state, for every 120 point(s) of ""Hidden MMR"" (including the initial ""Hidden MMR"") increased, Silver Wolf LV.999 gains 1 extra turn and regains 1 use of Enhanced Basic ATK."
Silver Wolf • Lv. 999,silver-wolf-lv-999,E4,4,Skill Lv.,"Skill Lv. +2, up to a maximum of Lv. 15. Basic ATK Lv. +1 , up to a maximum of Lv. 10. Elation Skill Lv. +1 , up to a maximum of Lv. 15. +2, up to a maximum of Lv. 15. Basic ATK Lv. +1 , up to a maximum of Lv. 10. Elation Skill Lv. +1 , up to a maximum of Lv. 15."
Silver Wolf • Lv. 999,silver-wolf-lv-999,E5,5,Elation DMG,"Elation DMG dealt by ""Honkai-DMG Demo"" additionally takes into account Punchline points times 5 . dealt by ""Honkai-DMG Demo"" additionally takes into account Punchline points times 5 ."
Silver Wolf • Lv. 999,silver-wolf-lv-999,E6,6,Ultimate Lv.,"Ultimate Lv. +2 , up to a maximum of Lv. 15. Talent Lv. +2 , up to a maximum of Lv. 15. Elation Skill Lv. +1 , up to a maximum of Lv. 15. +2 , up to a maximum of Lv. 15. Talent Lv. +2 , up to a maximum of Lv. 15. Elation Skill Lv. +1 , up to a maximum of Lv. 15."
Silver Wolf • Lv. 999,silver-wolf-lv-999,E7,7,Elation DMG,"Elation DMG dealt during Enhanced Basic ATK merrymakes by 50% . dealt during Enhanced Basic ATK merrymakes by 50% . When enemy targets enter combat, they are inflicted with ""Absolute Weakness"": Has All-Type Weakness, and All-Type Base RES is reduced to 0 (If Base RES is already at 0, then the corresponding Type RES decreases by 20% )."
Sparkle,sparkle,E1,1,E,"Suspension of Disbelief 1 Suspension of Disbelief Eidolon 1 Increases the ATK of ally targets with ""Cipher"" by 40% . When the battle starts or when using Skill, increases Sparkle's SPD by 15% , lasting for 2 turn(s). E 2 Purely Fictitious Eidolon 2 Each stack of the Talent's effect additionally reduces the enemy target's DEF by 10% . E 3 Pipedream Eidolon 3 Skill Lv. +2 , up to a maximum of Lv. 15. Basic ATK Lv. +1 , up to a maximum of Lv. 10. E 4 Life Is a Gamble Eidolon 4 The Ultimate recovers 1 more Skill Point. The Talent additionally increases the Max Skill Points by 1 . E 5 Parallax Truth Eidolon 5 Ultimate Lv. +2 , up to a maximum of Lv. 15. Talent Lv. +2 , up to a maximum of Lv. 15. E 6 Narrative Polysemy Eidolon 6 The CRIT DMG Boost effect provided by the Skill additionally increases by an amount equal to 30% of Sparkle's CRIT DMG. When Sparkle uses Skill, her Skill's CRIT DMG Boost effect will apply to all teammates with ""Cipher."" When Sparkle uses her Ultimate, any single ally who benefits from her Skill's CRIT DMG Boost will spread that effect to teammates with ""Cipher."""
Sparkle,sparkle,E2,2,"Increases the ATK of ally targets with ""Cipher"" by","Increases the ATK of ally targets with ""Cipher"" by 40% . When the battle starts or when using Skill, increases Sparkle's SPD by 15% , lasting for 2 turn(s). 40% . When the battle starts or when using Skill, increases Sparkle's SPD by 15% , lasting for 2 turn(s)."
Sparkle,sparkle,E3,3,Each stack of the Talent's effect additionally reduces the enemy target's DEF by,Each stack of the Talent's effect additionally reduces the enemy target's DEF by 10% . 10% .
Sparkle,sparkle,E4,4,Skill Lv.,"Skill Lv. +2 , up to a maximum of Lv. 15. Basic ATK Lv. +1 , up to a maximum of Lv. 10. +2 , up to a maximum of Lv. 15. Basic ATK Lv. +1 , up to a maximum of Lv. 10."
Sparkle,sparkle,E5,5,The Ultimate recovers,The Ultimate recovers 1 more Skill Point. The Talent additionally increases the Max Skill Points by 1 . 1 more Skill Point. The Talent additionally increases the Max Skill Points by 1 .
Sparkle,sparkle,E6,6,Ultimate Lv.,"Ultimate Lv. +2 , up to a maximum of Lv. 15. Talent Lv. +2 , up to a maximum of Lv. 15. +2 , up to a maximum of Lv. 15. Talent Lv. +2 , up to a maximum of Lv. 15."
Sparkle,sparkle,E7,7,The CRIT DMG Boost effect provided by the Skill additionally increases by an amount equal to,"The CRIT DMG Boost effect provided by the Skill additionally increases by an amount equal to 30% of Sparkle's CRIT DMG. When Sparkle uses Skill, her Skill's CRIT DMG Boost effect will apply to all teammates with ""Cipher."" When Sparkle uses her Ultimate, any single ally who benefits from her Skill's CRIT DMG Boost will spread that effect to teammates with ""Cipher."" 30% of Sparkle's CRIT DMG. When Sparkle uses Skill, her Skill's CRIT DMG Boost effect will apply to all teammates with ""Cipher."" When Sparkle uses her Ultimate, any single ally who benefits from her Skill's CRIT DMG Boost will spread that effect to teammates with ""Cipher."""
Sparxie,sparxie,E1,1,E,"#GoingViral #WhoIsShe 1 #GoingViral #WhoIsShe Eidolon 1 When Aha Instant ends, gains 5 Punchline. For every 1 Punchline owned, increases All-Type RES PEN for all allies by 1.5% , up to a max increase of 15% . E 2 #AudienceKnows Eidolon 2 When Aha Instant ends, Sparxie gains 1 extra turn and 2 ""Thrill."" For every 1 ""Thrill"" consumed, increases this unit's CRIT DMG by 10% , lasting for 2 turn(s) and stacking up to 4 time(s). E 3 #LinkUp #HeartSkip Eidolon 3 Skill Lv. +2 , up to a maximum of Lv. 15. Basic ATK Lv. +1 , up to a maximum of Lv. 10. Elation Skill Lv. +1 , up to a maximum of Lv. 15. E 4 #LockedIn #FaceCard Eidolon 4 When using Ultimate, additionally gains 5 Punchline and increases this unit's Elation by 36% for 3 turn(s). E 5 #HealingTheWorld #GoodVibesOnly Eidolon 5 Ultimate Lv. +2 , up to a maximum of Lv. 15. Talent Lv. +2 , up to a maximum of Lv. 15. Elation Skill Lv. +1 , up to a maximum of Lv. 15. E 6 #BuiltDifferent #GoingExtinct Eidolon 6 Increases All-Type RES PEN by 20% . For every 1 Punchline taken into account by the Elation Skill, the number of its additional DMG instances increases by 1 , up to a max of 40 ."
Sparxie,sparxie,E2,2,"When Aha Instant ends, gains","When Aha Instant ends, gains 5 Punchline. For every 1 Punchline owned, increases All-Type RES PEN for all allies by 1.5% , up to a max increase of 15% . 5 Punchline. For every 1 Punchline owned, increases All-Type RES PEN for all allies by 1.5% , up to a max increase of 15% ."
Sparxie,sparxie,E3,3,"When Aha Instant ends, Sparxie gains","When Aha Instant ends, Sparxie gains 1 extra turn and 2 ""Thrill."" For every 1 ""Thrill"" consumed, increases this unit's CRIT DMG by 10% , lasting for 2 turn(s) and stacking up to 4 time(s). 1 extra turn and 2 ""Thrill."" For every 1 ""Thrill"" consumed, increases this unit's CRIT DMG by 10% , lasting for 2 turn(s) and stacking up to 4 time(s)."
Sparxie,sparxie,E4,4,Skill Lv.,"Skill Lv. +2 , up to a maximum of Lv. 15. Basic ATK Lv. +1 , up to a maximum of Lv. 10. Elation Skill Lv. +1 , up to a maximum of Lv. 15. +2 , up to a maximum of Lv. 15. Basic ATK Lv. +1 , up to a maximum of Lv. 10. Elation Skill Lv. +1 , up to a maximum of Lv. 15."
Sparxie,sparxie,E5,5,"When using Ultimate, additionally gains","When using Ultimate, additionally gains 5 Punchline and increases this unit's Elation by 36% for 3 turn(s). 5 Punchline and increases this unit's Elation by 36% for 3 turn(s)."
Sparxie,sparxie,E6,6,Ultimate Lv.,"Ultimate Lv. +2 , up to a maximum of Lv. 15. Talent Lv. +2 , up to a maximum of Lv. 15. Elation Skill Lv. +1 , up to a maximum of Lv. 15. +2 , up to a maximum of Lv. 15. Talent Lv. +2 , up to a maximum of Lv. 15. Elation Skill Lv. +1 , up to a maximum of Lv. 15."
Sparxie,sparxie,E7,7,Increases All-Type RES PEN by,"Increases All-Type RES PEN by 20% . For every 1 Punchline taken into account by the Elation Skill, the number of its additional DMG instances increases by 1 , up to a max of 40 . 20% . For every 1 Punchline taken into account by the Elation Skill, the number of its additional DMG instances increases by 1 , up to a max of 40 ."
Sunday,sunday,E1,1,E,"Millennium's Quietus 1 Millennium's Quietus Eidolon 1 When Sunday uses Skill, the target character can ignore 16% of enemy target's DEF to deal DMG and their summon can ignore 40% of enemy target's DEF to deal DMG, lasting for 2 turn(s). E 2 Faith Outstrips Frailty Eidolon 2 After the first use of Ultimate, recovers 2 Skill Point(s). The DMG dealt by ""The Beatified"" increases by 30% . E 3 Hermitage of Thorns Eidolon 3 Ultimate Lv. +2 , up to a maximum of Lv. 15. Basic ATK Lv. +1 , up to a maximum of Lv. 10. E 4 Sculpture's Preamble Eidolon 4 When the turn starts, regenerates 8 Energy. E 5 Paper Raft in Silver Bay Eidolon 5 Skill Lv. +2 , up to a maximum of Lv. 15. Talent Lv. +2 , up to a maximum of Lv. 15. E 6 Dawn of Sidereal Cacophony Eidolon 6 The Talent's CRIT Rate boost effect becomes stackable up to 3 time(s), and the Talent's duration increases by 1 turn(s). When Sunday uses Ultimate, can also apply the Talent's CRIT Rate boost effect to the target. When the Talent's CRIT Rate boost takes effect and the target's CRIT Rate exceeds 100% , every 1% of excess CRIT Rate increases CRIT DMG by 2% ."
Sunday,sunday,E2,2,"When Sunday uses Skill, the target character can ignore","When Sunday uses Skill, the target character can ignore 16% of enemy target's DEF to deal DMG and their summon can ignore 40% of enemy target's DEF to deal DMG, lasting for 2 turn(s). 16% of enemy target's DEF to deal DMG and their summon can ignore 40% of enemy target's DEF to deal DMG, lasting for 2 turn(s)."
Sunday,sunday,E3,3,"After the first use of Ultimate, recovers","After the first use of Ultimate, recovers 2 Skill Point(s). The DMG dealt by ""The Beatified"" increases by 30% . 2 Skill Point(s). The DMG dealt by ""The Beatified"" increases by 30% ."
Sunday,sunday,E4,4,Ultimate Lv.,"Ultimate Lv. +2 , up to a maximum of Lv. 15. Basic ATK Lv. +1 , up to a maximum of Lv. 10. +2 , up to a maximum of Lv. 15. Basic ATK Lv. +1 , up to a maximum of Lv. 10."
Sunday,sunday,E5,5,"When the turn starts, regenerates","When the turn starts, regenerates 8 Energy. 8 Energy."
Sunday,sunday,E6,6,Skill Lv.,"Skill Lv. +2 , up to a maximum of Lv. 15. Talent Lv. +2 , up to a maximum of Lv. 15. +2 , up to a maximum of Lv. 15. Talent Lv. +2 , up to a maximum of Lv. 15."
Sunday,sunday,E7,7,The Talent's CRIT Rate boost effect becomes stackable up to,"The Talent's CRIT Rate boost effect becomes stackable up to 3 time(s), and the Talent's duration increases by 1 turn(s). When Sunday uses Ultimate, can also apply the Talent's CRIT Rate boost effect to the target. When the Talent's CRIT Rate boost takes effect and the target's CRIT Rate exceeds 100% , every 1% of excess CRIT Rate increases CRIT DMG by 2% . 3 time(s), and the Talent's duration increases by 1 turn(s). When Sunday uses Ultimate, can also apply the Talent's CRIT Rate boost effect to the target. When the Talent's CRIT Rate boost takes effect and the target's CRIT Rate exceeds 100% , every 1% of excess CRIT Rate increases CRIT DMG by 2% ."
Sushang,sushang,E1,1,E,"Cut With Ease 1 Cut With Ease Eidolon 1 After using Skill against a Weakness Broken enemy, regenerates 1 Skill Point. E 2 Refine in Toil Eidolon 2 After triggering Sword Stance, the DMG taken by Sushang is reduced by 20% for 1 turn. E 3 Rise From Fame Eidolon 3 Ultimate Lv. +2 , up to a maximum of Lv. 15 . Talent Lv. +2 , up to a maximum of Lv. 15 . E 4 Cleave With Heart Eidolon 4 Sushang's Break Effect increases by 40% . E 5 Prevail via Taixu Eidolon 5 Skill Lv. +2 , up to a maximum of Lv. 15 . Basic ATK Lv. +1 , up to a maximum of Lv. 10 . E 6 Dwell Like Water Eidolon 6 Talent's SPD Boost is stackable and can stack up to 2 times. Additionally, after entering battle, Sushang immediately gains 1 stack of her Talent's SPD Boost."
Sushang,sushang,E2,2,"After using Skill against a Weakness Broken enemy, regenerates","After using Skill against a Weakness Broken enemy, regenerates 1 Skill Point. 1 Skill Point."
Sushang,sushang,E3,3,"After triggering Sword Stance, the DMG taken by Sushang is reduced by","After triggering Sword Stance, the DMG taken by Sushang is reduced by 20% for 1 turn. 20% for 1 turn."
Sushang,sushang,E4,4,Ultimate Lv.,"Ultimate Lv. +2 , up to a maximum of Lv. 15 . Talent Lv. +2 , up to a maximum of Lv. 15 . +2 , up to a maximum of Lv. 15 . Talent Lv. +2 , up to a maximum of Lv. 15 ."
Sushang,sushang,E5,5,Sushang's Break Effect increases by,Sushang's Break Effect increases by 40% . 40% .
Sushang,sushang,E6,6,Skill Lv.,"Skill Lv. +2 , up to a maximum of Lv. 15 . Basic ATK Lv. +1 , up to a maximum of Lv. 10 . +2 , up to a maximum of Lv. 15 . Basic ATK Lv. +1 , up to a maximum of Lv. 10 ."
Sushang,sushang,E7,7,Talent's SPD Boost is stackable and can stack up to,"Talent's SPD Boost is stackable and can stack up to 2 times. Additionally, after entering battle, Sushang immediately gains 1 stack of her Talent's SPD Boost. 2 times. Additionally, after entering battle, Sushang immediately gains 1 stack of her Talent's SPD Boost."
The Dahlia,the-dahlia,E1,1,E,"When a Bud Readies to Bloom 1 When a Bud Readies to Bloom Eidolon 1 Applies Talent's Super Break DMG multiplier provided to ""Dance Partner"" to all ally characters, with ""Dance Partner"" additionally receiving a 40% boost. After ""Dance Partner"" uses an attack, deals an additional fixed amount of Toughness Reduction equal to 25% of the enemy target's Max Toughness (minimum of 10 points, up to 300 points). This effect can only trigger once per enemy target, and the trigger count for each target resets after the enemy target receives a killing blow. E 2 Fresh, Ethereal, and Beloved Eidolon 2 When The Dahlia is on the field, decreases all enemies' All-Type RES by 20% . When an enemy target enters the field, immediately inflicts ""Wilt"" state on them, lasting for 3 turn(s). E 3 Pity Its Petals Thin as Mist Eidolon 3 Ultimate Lv. +2 , up to a maximum of Lv. 15. Basic ATK Lv. +1 , up to a maximum of Lv. 10. E 4 Pity Its Heart Gnawed by Worms Eidolon 4 Increases the instances of DMG dealt by Talent's Follow-Up ATK by 5 , and every hit increases the target's DMG taken by 12% , lasting for 2 turn(s). E 5 Fallen, Decayed, and Despised Eidolon 5 Skill Lv. +2 , up to a maximum of Lv. 15. Talent Lv. +2 , up to a maximum of Lv. 15. E 6 And Yet, Always, Deathly Beautiful Eidolon 6 Increases ""Dance Partner's"" Break Effect by 150% . When using her Talent's Follow-Up ATK, advances the next action of all ""Dance Partners"" by 20% ."
The Dahlia,the-dahlia,E2,2,"Applies Talent's Super Break DMG multiplier provided to ""Dance Partner"" to all ally characters, with ""Dance Partner"" additionally receiving a","Applies Talent's Super Break DMG multiplier provided to ""Dance Partner"" to all ally characters, with ""Dance Partner"" additionally receiving a 40% boost. After ""Dance Partner"" uses an attack, deals an additional fixed amount of Toughness Reduction equal to 25% of the enemy target's Max Toughness (minimum of 10 points, up to 300 points). This effect can only trigger once per enemy target, and the trigger count for each target resets after the enemy target receives a killing blow. 40% boost. After ""Dance Partner"" uses an attack, deals an additional fixed amount of Toughness Reduction equal to 25% of the enemy target's Max Toughness (minimum of 10 points, up to 300 points). This effect can only trigger once per enemy target, and the trigger count for each target resets after the enemy target receives a killing blow."
The Dahlia,the-dahlia,E3,3,"When The Dahlia is on the field, decreases all enemies' All-Type RES by","When The Dahlia is on the field, decreases all enemies' All-Type RES by 20% . When an enemy target enters the field, immediately inflicts ""Wilt"" state on them, lasting for 3 turn(s). 20% . When an enemy target enters the field, immediately inflicts ""Wilt"" state on them, lasting for 3 turn(s)."
The Dahlia,the-dahlia,E4,4,Ultimate Lv.,"Ultimate Lv. +2 , up to a maximum of Lv. 15. Basic ATK Lv. +1 , up to a maximum of Lv. 10. +2 , up to a maximum of Lv. 15. Basic ATK Lv. +1 , up to a maximum of Lv. 10."
The Dahlia,the-dahlia,E5,5,Increases the instances of DMG dealt by Talent's Follow-Up ATK by,"Increases the instances of DMG dealt by Talent's Follow-Up ATK by 5 , and every hit increases the target's DMG taken by 12% , lasting for 2 turn(s). 5 , and every hit increases the target's DMG taken by 12% , lasting for 2 turn(s)."
The Dahlia,the-dahlia,E6,6,Skill Lv.,"Skill Lv. +2 , up to a maximum of Lv. 15. Talent Lv. +2 , up to a maximum of Lv. 15. +2 , up to a maximum of Lv. 15. Talent Lv. +2 , up to a maximum of Lv. 15."
The Dahlia,the-dahlia,E7,7,"Increases ""Dance Partner's"" Break Effect by","Increases ""Dance Partner's"" Break Effect by 150% . When using her Talent's Follow-Up ATK, advances the next action of all ""Dance Partners"" by 20% . 150% . When using her Talent's Follow-Up ATK, advances the next action of all ""Dance Partners"" by 20% ."
The Herta,the-herta,E1,1,E,"Night at Shorefall 1 Night at Shorefall Eidolon 1 When Enhanced Skill calculates ""Interpretation,"" additionally calculates 50% of the ""Interpretation"" stacks on the 1 target with the highest stacks out of the primary target and adjacent targets. When using Enhanced Skill to reset ""Interpretation,"" reset the stack number to 15 instead. E 2 Wind Through Keyhole Eidolon 2 After The Herta enters battle and uses her Ultimate, she additionally gains 1 stack of ""Inspiration."" After using Enhanced Skill, The Herta's subsequent action is advanced by 35% . E 3 Door into Summer Eidolon 3 Skill Lv. + 2 , up to a maximum of Lv. 15. Talent Lv. +2 , up to a maximum of Lv. 15. E 4 The Sixteenth Key Eidolon 4 The SPD of characters following the Path of Erudition in the team increases by 12% . E 5 Bitter Pill of Truth Eidolon 5 Ultimate Lv. +2 , up to a maximum of Lv. 15. Basic ATK Lv. +1 , up to a maximum of Lv. 10. E 6 Sweet Lure of Answer Eidolon 6 The Herta's Ice RES PEN increases by 20% . When the number of enemy targets on the field is 3 (or more)/2/1, Ultimate's DMG multiplier increases by 140% / 250% / 400% ."
The Herta,the-herta,E2,2,"When Enhanced Skill calculates ""Interpretation,"" additionally calculates","When Enhanced Skill calculates ""Interpretation,"" additionally calculates 50% of the ""Interpretation"" stacks on the 1 target with the highest stacks out of the primary target and adjacent targets. When using Enhanced Skill to reset ""Interpretation,"" reset the stack number to 15 instead. 50% of the ""Interpretation"" stacks on the 1 target with the highest stacks out of the primary target and adjacent targets. When using Enhanced Skill to reset ""Interpretation,"" reset the stack number to 15 instead."
The Herta,the-herta,E3,3,"After The Herta enters battle and uses her Ultimate, she additionally gains","After The Herta enters battle and uses her Ultimate, she additionally gains 1 stack of ""Inspiration."" After using Enhanced Skill, The Herta's subsequent action is advanced by 35% . 1 stack of ""Inspiration."" After using Enhanced Skill, The Herta's subsequent action is advanced by 35% ."
The Herta,the-herta,E4,4,Skill Lv. +,"Skill Lv. + 2 , up to a maximum of Lv. 15. Talent Lv. +2 , up to a maximum of Lv. 15. 2 , up to a maximum of Lv. 15. Talent Lv. +2 , up to a maximum of Lv. 15."
The Herta,the-herta,E5,5,The SPD of characters following the Path of Erudition in the team increases by,The SPD of characters following the Path of Erudition in the team increases by 12% . 12% .
The Herta,the-herta,E6,6,Ultimate Lv.,"Ultimate Lv. +2 , up to a maximum of Lv. 15. Basic ATK Lv. +1 , up to a maximum of Lv. 10. +2 , up to a maximum of Lv. 15. Basic ATK Lv. +1 , up to a maximum of Lv. 10."
The Herta,the-herta,E7,7,The Herta's Ice RES PEN increases by,"The Herta's Ice RES PEN increases by 20% . When the number of enemy targets on the field is 3 (or more)/2/1, Ultimate's DMG multiplier increases by 140% / 250% / 400% . 20% . When the number of enemy targets on the field is 3 (or more)/2/1, Ultimate's DMG multiplier increases by 140% / 250% / 400% ."
Tingyun,tingyun,E1,1,E,"Windfall of Lucky Springs 1 Windfall of Lucky Springs Eidolon 1 After using their Ultimate, the ally with Benediction gains a 20% increase in SPD for 1 turn. E 2 Gainfully Gives, Givingly Gains Eidolon 2 The ally with Benediction regenerates 5 Energy after defeating an enemy. This effect can only be triggered once per turn. E 3 Halcyon Bequest Eidolon 3 Ultimate Lv. + 2 , up to a maximum of Lv. 15 . Basic ATK Lv. + 1 , up to a maximum of Lv. 10 . E 4 Jovial Versatility Eidolon 4 The DMG multiplier provided by Benediction increases by 20% . E 5 Sauntering Coquette Eidolon 5 Skill Lv. +2 , up to a maximum of Lv. 15. Talent Lv. +2 , up to a maximum of Lv. 15. E 6 Peace Brings Wealth to All Eidolon 6 Ultimate regenerates 10 more Energy for the target ally."
Tingyun,tingyun,E2,2,"After using their Ultimate, the ally with Benediction gains a","After using their Ultimate, the ally with Benediction gains a 20% increase in SPD for 1 turn. 20% increase in SPD for 1 turn."
Tingyun,tingyun,E3,3,The ally with Benediction regenerates,The ally with Benediction regenerates 5 Energy after defeating an enemy. This effect can only be triggered once per turn. 5 Energy after defeating an enemy. This effect can only be triggered once per turn.
Tingyun,tingyun,E4,4,Ultimate Lv. +,"Ultimate Lv. + 2 , up to a maximum of Lv. 15 . Basic ATK Lv. + 1 , up to a maximum of Lv. 10 . 2 , up to a maximum of Lv. 15 . Basic ATK Lv. + 1 , up to a maximum of Lv. 10 ."
Tingyun,tingyun,E5,5,The DMG multiplier provided by Benediction increases by,The DMG multiplier provided by Benediction increases by 20% . 20% .
Tingyun,tingyun,E6,6,Skill Lv.,"Skill Lv. +2 , up to a maximum of Lv. 15. Talent Lv. +2 , up to a maximum of Lv. 15. +2 , up to a maximum of Lv. 15. Talent Lv. +2 , up to a maximum of Lv. 15."
Tingyun,tingyun,E7,7,Ultimate regenerates,Ultimate regenerates 10 more Energy for the target ally. 10 more Energy for the target ally.
Tingyun • Fugue,tingyun-fugue,E1,1,E,"Earthbound I Was, Cloudward I Be 1 Earthbound I Was, Cloudward I Be Eidolon 1 Ally target with ""Foxian Prayer"" increases their Weakness Break Efficiency by 50% . E 2 Beatitude Dawns for the Worthy Eidolon 2 When an enemy target's Weakness gets broken, Fugue regenerates 3 Energy. After using Ultimate, advances the action of all allies by 24% . E 3 Verity Weaves Thoughts to Blade Eidolon 3 Skill Lv. +2 , up to a maximum of Lv. 15. Basic ATK Lv. +1 , up to a maximum of Lv. 10. E 4 Bereft of Form, Which Name to Bear Eidolon 4 Ally target with ""Foxian Prayer"" increases their Break DMG dealt by 20% . E 5 Colored Cloud Rains Fortune Eidolon 5 Ultimate Lv. +2 , up to a maximum of Lv. 15. Talent Lv. +2 , up to a maximum of Lv. 15. E 6 Clairvoyance of Boom and Doom Eidolon 6 Increases Fugue's Weakness Break Efficiency by 50% . While Fugue is in the ""Torrid Scorch"" state, ""Foxian Prayer"" takes effect on all allies."
Tingyun • Fugue,tingyun-fugue,E2,2,"Ally target with ""Foxian Prayer"" increases their Weakness Break Efficiency by","Ally target with ""Foxian Prayer"" increases their Weakness Break Efficiency by 50% . 50% ."
Tingyun • Fugue,tingyun-fugue,E3,3,"When an enemy target's Weakness gets broken, Fugue regenerates","When an enemy target's Weakness gets broken, Fugue regenerates 3 Energy. After using Ultimate, advances the action of all allies by 24% . 3 Energy. After using Ultimate, advances the action of all allies by 24% ."
Tingyun • Fugue,tingyun-fugue,E4,4,Skill Lv.,"Skill Lv. +2 , up to a maximum of Lv. 15. Basic ATK Lv. +1 , up to a maximum of Lv. 10. +2 , up to a maximum of Lv. 15. Basic ATK Lv. +1 , up to a maximum of Lv. 10."
Tingyun • Fugue,tingyun-fugue,E5,5,"Ally target with ""Foxian Prayer"" increases their Break DMG dealt by","Ally target with ""Foxian Prayer"" increases their Break DMG dealt by 20% . 20% ."
Tingyun • Fugue,tingyun-fugue,E6,6,Ultimate Lv.,"Ultimate Lv. +2 , up to a maximum of Lv. 15. Talent Lv. +2 , up to a maximum of Lv. 15. +2 , up to a maximum of Lv. 15. Talent Lv. +2 , up to a maximum of Lv. 15."
Tingyun • Fugue,tingyun-fugue,E7,7,Increases Fugue's Weakness Break Efficiency by,"Increases Fugue's Weakness Break Efficiency by 50% . While Fugue is in the ""Torrid Scorch"" state, ""Foxian Prayer"" takes effect on all allies. 50% . While Fugue is in the ""Torrid Scorch"" state, ""Foxian Prayer"" takes effect on all allies."
Topaz & Numby,topaz,E1,1,E,"Future Market 1 Future Market Eidolon 1 When enemies afflicted with Proof of Debt receive follow-up attacks, they will enter the Debtor state. This can take effect only once within a single action. The Debtor state increases the CRIT DMG of follow-up attacks inflicted on the target enemies by 25% , stacking up to 2 time(s). When Proof of Debt is removed, the Debtor state is also removed. E 2 Bona Fide Acquisition Eidolon 2 After Numby takes action and launches an attack, Topaz regenerates 5 Energy. E 3 Seize the Big and Free the Small Eidolon 3 Skill Lv. +2 , up to a maximum of Lv. 15. Basic ATK Lv. +1 , up to a maximum of Lv. 10. E 4 Agile Operation Eidolon 4 After Numby's turn begins, Topaz's action is Advanced Forward by 20% . E 5 Inflationary Demand Eidolon 5 Ultimate Lv. +2 , up to a maximum of Lv. 15. Talent Lv. +2 , up to a maximum of Lv. 15. E 6 Incentive Mechanism Eidolon 6 Numby's attack count during the Windfall Bonanza! state increases by 1, and its Fire RES PEN increases by 10% when it attacks."
Topaz & Numby,topaz,E2,2,"When enemies afflicted with Proof of Debt receive follow-up attacks, they will enter the Debtor state. This can take effect only once within a single action. The Debtor state increases the CRIT DMG of follow-up attacks inflicted on the target enemies by","When enemies afflicted with Proof of Debt receive follow-up attacks, they will enter the Debtor state. This can take effect only once within a single action. The Debtor state increases the CRIT DMG of follow-up attacks inflicted on the target enemies by 25% , stacking up to 2 time(s). When Proof of Debt is removed, the Debtor state is also removed. 25% , stacking up to 2 time(s). When Proof of Debt is removed, the Debtor state is also removed."
Topaz & Numby,topaz,E3,3,"After Numby takes action and launches an attack, Topaz regenerates","After Numby takes action and launches an attack, Topaz regenerates 5 Energy. 5 Energy."
Topaz & Numby,topaz,E4,4,Skill Lv.,"Skill Lv. +2 , up to a maximum of Lv. 15. Basic ATK Lv. +1 , up to a maximum of Lv. 10. +2 , up to a maximum of Lv. 15. Basic ATK Lv. +1 , up to a maximum of Lv. 10."
Topaz & Numby,topaz,E5,5,"After Numby's turn begins, Topaz's action is Advanced Forward by","After Numby's turn begins, Topaz's action is Advanced Forward by 20% . 20% ."
Topaz & Numby,topaz,E6,6,Ultimate Lv.,"Ultimate Lv. +2 , up to a maximum of Lv. 15. Talent Lv. +2 , up to a maximum of Lv. 15. +2 , up to a maximum of Lv. 15. Talent Lv. +2 , up to a maximum of Lv. 15."
Topaz & Numby,topaz,E7,7,"Numby's attack count during the Windfall Bonanza! state increases by 1, and its Fire RES PEN increases by","Numby's attack count during the Windfall Bonanza! state increases by 1, and its Fire RES PEN increases by 10% when it attacks. 10% when it attacks."
Trailblazer • Destruction,trailblazer-destruction,E1,1,E,"A Falling Star 1 A Falling Star Eidolon 1 When enemies are defeated due to the Trailblazer's Ultimate, the Trailblazer regenerates 10 extra Energy. This effect can only be triggered once per attack. E 2 An Unwilling Host Eidolon 2 Attacking enemies with Physical Weakness restores the Trailblazer's HP equal to 5% of the Trailblazer's ATK. E 3 A Leading Whisper Eidolon 3 Skill Lv. + 2 , up to a maximum of Lv. 15 . Talent Lv. + 2 , up to a maximum of Lv. 15 . E 4 A Destructing Glance Eidolon 4 When attacking an enemy with Weakness Break, CRIT Rate is increased by 25% . E 5 A Surviving Hope Eidolon 5 Ultimate Lv. + 2 , up to a maximum of Lv. 15 . Basic ATK Lv. + 1 , up to a maximum of Lv. 10 . E 6 A Trailblazing Will Eidolon 6 The Trailblazer's Talent is also triggered when they defeat an enemy."
Trailblazer • Destruction,trailblazer-destruction,E2,2,"When enemies are defeated due to the Trailblazer's Ultimate, the Trailblazer regenerates","When enemies are defeated due to the Trailblazer's Ultimate, the Trailblazer regenerates 10 extra Energy. This effect can only be triggered once per attack. 10 extra Energy. This effect can only be triggered once per attack."
Trailblazer • Destruction,trailblazer-destruction,E3,3,Attacking enemies with Physical Weakness restores the Trailblazer's HP equal to,Attacking enemies with Physical Weakness restores the Trailblazer's HP equal to 5% of the Trailblazer's ATK. 5% of the Trailblazer's ATK.
Trailblazer • Destruction,trailblazer-destruction,E4,4,Skill Lv. +,"Skill Lv. + 2 , up to a maximum of Lv. 15 . Talent Lv. + 2 , up to a maximum of Lv. 15 . 2 , up to a maximum of Lv. 15 . Talent Lv. + 2 , up to a maximum of Lv. 15 ."
Trailblazer • Destruction,trailblazer-destruction,E5,5,"When attacking an enemy with Weakness Break, CRIT Rate is increased by","When attacking an enemy with Weakness Break, CRIT Rate is increased by 25% . 25% ."
Trailblazer • Destruction,trailblazer-destruction,E6,6,Ultimate Lv. +,"Ultimate Lv. + 2 , up to a maximum of Lv. 15 . Basic ATK Lv. + 1 , up to a maximum of Lv. 10 . 2 , up to a maximum of Lv. 15 . Basic ATK Lv. + 1 , up to a maximum of Lv. 10 ."
Trailblazer • Destruction,trailblazer-destruction,E7,7,,The Trailblazer's Talent is also triggered when they defeat an enemy.
Trailblazer • Elation,trailblazer-elation,E1,1,E,"Believe In the Light 1 Believe In the Light Eidolon 1 After using a Skill, the next Ultimate increases the ""Certified Banger"" gained by ally targets by 2 . This effect can stack up to 3 times. E 2 History in the Making... Eidolon 2 Ultimate additionally increases the Elation of a designated ally by 12% , lasting for 2 turn(s). E 3 Into the Spotlight Eidolon 3 Skill Lv. +2 , up to a maximum of Lv. 15. Talent Lv. +2 , up to a maximum of Lv. 15. Elation Skill Lv. +1 , up to a maximum of Lv. 15. E 4 Save the World. Just Because. Eidolon 4 When using an Elation Skill, increases DMG taken by enemy targets by 10% , lasting for 2 turn(s). E 5 Love & Courage: Always in Style Eidolon 5 Ultimate Lv. +2 , up to a maximum of Lv. 15. Basic ATK Lv. +1 , up to a maximum of Lv. 10. Elation Skill Lv. +1 , up to a maximum of Lv. 15. E 6 The Cosmic Legend Cometh! Eidolon 6 When using Elation Skill, increases this unit's CRIT DMG by 100% for 3 turns."
Trailblazer • Elation,trailblazer-elation,E2,2,"After using a Skill, the next Ultimate increases the ""Certified Banger"" gained by ally targets by","After using a Skill, the next Ultimate increases the ""Certified Banger"" gained by ally targets by 2 . This effect can stack up to 3 times. 2 . This effect can stack up to 3 times."
Trailblazer • Elation,trailblazer-elation,E3,3,Ultimate additionally increases the Elation of a designated ally by,"Ultimate additionally increases the Elation of a designated ally by 12% , lasting for 2 turn(s). 12% , lasting for 2 turn(s)."
Trailblazer • Elation,trailblazer-elation,E4,4,Skill Lv.,"Skill Lv. +2 , up to a maximum of Lv. 15. Talent Lv. +2 , up to a maximum of Lv. 15. Elation Skill Lv. +1 , up to a maximum of Lv. 15. +2 , up to a maximum of Lv. 15. Talent Lv. +2 , up to a maximum of Lv. 15. Elation Skill Lv. +1 , up to a maximum of Lv. 15."
Trailblazer • Elation,trailblazer-elation,E5,5,"When using an Elation Skill, increases DMG taken by enemy targets by","When using an Elation Skill, increases DMG taken by enemy targets by 10% , lasting for 2 turn(s). 10% , lasting for 2 turn(s)."
Trailblazer • Elation,trailblazer-elation,E6,6,Ultimate Lv.,"Ultimate Lv. +2 , up to a maximum of Lv. 15. Basic ATK Lv. +1 , up to a maximum of Lv. 10. Elation Skill Lv. +1 , up to a maximum of Lv. 15. +2 , up to a maximum of Lv. 15. Basic ATK Lv. +1 , up to a maximum of Lv. 10. Elation Skill Lv. +1 , up to a maximum of Lv. 15."
Trailblazer • Elation,trailblazer-elation,E7,7,"When using Elation Skill, increases this unit's CRIT DMG by","When using Elation Skill, increases this unit's CRIT DMG by 100% for 3 turns. 100% for 3 turns."
Trailblazer • Harmony,trailblazer-harmony,E1,1,E,"Best Seat in the House 1 Best Seat in the House Eidolon 1 After using Skill for the first time, immediately recovers 1 Skill Point(s). E 2 Jailbreaking Rainbowwalk Eidolon 2 When the battle starts, the Trailblazer's Energy Regeneration Rate increases by 25% , lasting for 3 turn(s). E 3 Sanatorium for Rest Notes Eidolon 3 Skill Lv. +2 , up to a maximum of Lv. 15. Talent Lv. +2 , up to a maximum of Lv. 15. E 4 Dove in Tophat Eidolon 4 While the Trailblazer is on the field, increases the Break Effect of all teammates (excluding the Trailblazer), by an amount equal to 15% of the Trailblazer's Break Effect. E 5 Poem Favors Rhythms of Old Eidolon 5 Ultimate Lv. +2, up to a maximum of Lv. 15. Basic ATK Lv. +1 , up to a maximum of Lv. 10. E 6 Tomorrow, Rest in Spotlight Eidolon 6 The number of additional DMG applications by the Skill increases by 2 ."
Trailblazer • Harmony,trailblazer-harmony,E2,2,"After using Skill for the first time, immediately recovers","After using Skill for the first time, immediately recovers 1 Skill Point(s). 1 Skill Point(s)."
Trailblazer • Harmony,trailblazer-harmony,E3,3,"When the battle starts, the Trailblazer's Energy Regeneration Rate increases by","When the battle starts, the Trailblazer's Energy Regeneration Rate increases by 25% , lasting for 3 turn(s). 25% , lasting for 3 turn(s)."
Trailblazer • Harmony,trailblazer-harmony,E4,4,Skill Lv.,"Skill Lv. +2 , up to a maximum of Lv. 15. Talent Lv. +2 , up to a maximum of Lv. 15. +2 , up to a maximum of Lv. 15. Talent Lv. +2 , up to a maximum of Lv. 15."
Trailblazer • Harmony,trailblazer-harmony,E5,5,"While the Trailblazer is on the field, increases the Break Effect of all teammates (excluding the Trailblazer), by an amount equal to","While the Trailblazer is on the field, increases the Break Effect of all teammates (excluding the Trailblazer), by an amount equal to 15% of the Trailblazer's Break Effect. 15% of the Trailblazer's Break Effect."
Trailblazer • Harmony,trailblazer-harmony,E6,6,Ultimate Lv.,"Ultimate Lv. +2, up to a maximum of Lv. 15. Basic ATK Lv. +1 , up to a maximum of Lv. 10. +2, up to a maximum of Lv. 15. Basic ATK Lv. +1 , up to a maximum of Lv. 10."
Trailblazer • Harmony,trailblazer-harmony,E7,7,The number of additional DMG applications by the Skill increases by,The number of additional DMG applications by the Skill increases by 2 . 2 .
Trailblazer • Preservation,trailblazer-preservation,E1,1,E,"Earth-Shaking Resonance 1 Earth-Shaking Resonance Eidolon 1 When the Trailblazer uses their Basic ATK, additionally deals Fire DMG equal to 25% of the Trailblazer's DEF. When the Trailblazer uses their enhanced Basic ATK, deal Additional Fire DMG equal to 50% of the Trailblazer's DEF. E 2 Time-Defying Tenacity Eidolon 2 The Shield applied to all allies from the Trailblazer's Talent will block extra DMG equal to 2% of the Trailblazer's DEF plus 27 . E 3 Trail-Blazing Blueprint Eidolon 3 Skill Lv. +2 , up to a maximum of Lv. 15. Talent Lv. +2 , up to a maximum of Lv. 15. E 4 Nation-Building Oath Eidolon 4 At the start of the battle, immediately gains 4 stack(s) of Magma Will. E 5 Spirit-Warming Flame Eidolon 5 Ultimate Lv. + 2 , up to a maximum of Lv. 15 . Basic ATK Lv. + 1 , up to a maximum of Lv. 10 . E 6 City-Forging Bulwarks Eidolon 6 After the Trailblazer use enhanced Basic ATK or Ultimate, their DEF increases by 10% . Stacks up to 3 time(s)."
Trailblazer • Preservation,trailblazer-preservation,E2,2,"When the Trailblazer uses their Basic ATK, additionally deals","When the Trailblazer uses their Basic ATK, additionally deals Fire DMG equal to 25% of the Trailblazer's DEF. When the Trailblazer uses their enhanced Basic ATK, deal Additional Fire DMG equal to 50% of the Trailblazer's DEF. Fire DMG equal to 25% of the Trailblazer's DEF. When the Trailblazer uses their enhanced Basic ATK, deal Additional Fire DMG equal to 50% of the Trailblazer's DEF."
Trailblazer • Preservation,trailblazer-preservation,E3,3,The Shield applied to all allies from the Trailblazer's Talent will block extra DMG equal to,The Shield applied to all allies from the Trailblazer's Talent will block extra DMG equal to 2% of the Trailblazer's DEF plus 27 . 2% of the Trailblazer's DEF plus 27 .
Trailblazer • Preservation,trailblazer-preservation,E4,4,Skill Lv.,"Skill Lv. +2 , up to a maximum of Lv. 15. Talent Lv. +2 , up to a maximum of Lv. 15. +2 , up to a maximum of Lv. 15. Talent Lv. +2 , up to a maximum of Lv. 15."
Trailblazer • Preservation,trailblazer-preservation,E5,5,"At the start of the battle, immediately gains","At the start of the battle, immediately gains 4 stack(s) of Magma Will. 4 stack(s) of Magma Will."
Trailblazer • Preservation,trailblazer-preservation,E6,6,Ultimate Lv. +,"Ultimate Lv. + 2 , up to a maximum of Lv. 15 . Basic ATK Lv. + 1 , up to a maximum of Lv. 10 . 2 , up to a maximum of Lv. 15 . Basic ATK Lv. + 1 , up to a maximum of Lv. 10 ."
Trailblazer • Preservation,trailblazer-preservation,E7,7,"After the Trailblazer use enhanced Basic ATK or Ultimate, their DEF increases by","After the Trailblazer use enhanced Basic ATK or Ultimate, their DEF increases by 10% . Stacks up to 3 time(s). 10% . Stacks up to 3 time(s)."
Trailblazer • Remembrance,trailblazer-remembrance,E1,1,E,"Narrator of the Present 1 Narrator of the Present Eidolon 1 Increases the CRIT Rate of the ally target with ""Mem's Support"" by 10% . When an ally target has ""Mem's Support,"" its effect also takes effect on the target's memosprite/memomaster. This effect cannot stack. E 2 Gleaner of the Past Eidolon 2 When ally memosprites (aside from Mem) take action, Trailblazer regenerates 8 Energy. This effect can trigger a max of 1 time(s) per turn. The trigger count resets at the start of Trailblazer's turn. E 3 Chanter of the Future Eidolon 3 Skill Lv. +2 , up to a maximum of Lv. 15. Talent Lv. +2 , up to a maximum of Lv. 15. Memosprite Talent Lv. +1 , up to a maximum of Lv. 10. E 4 Dancer of the Muse Eidolon 4 When an ally target with 0 Max Energy actively uses an ability, Mem can also gain 3% Charge, and the multiplier of the True DMG dealt by this target via ""Mem's Support"" additionally increases by 6% . E 5 Seamster of the Ode Eidolon 5 Ultimate Lv. +2 , up to a maximum of Lv. 15. Basic ATK Lv. +1 , up to a maximum of Lv. 10. Memosprite Skill Lv. +1 , up to a maximum of Lv. 10. E 6 Bearer of the Revelation Eidolon 6 Ultimate's CRIT Rate is set at 100% ."
Trailblazer • Remembrance,trailblazer-remembrance,E2,2,"Increases the CRIT Rate of the ally target with ""Mem's Support"" by","Increases the CRIT Rate of the ally target with ""Mem's Support"" by 10% . When an ally target has ""Mem's Support,"" its effect also takes effect on the target's memosprite/memomaster. This effect cannot stack. 10% . When an ally target has ""Mem's Support,"" its effect also takes effect on the target's memosprite/memomaster. This effect cannot stack."
Trailblazer • Remembrance,trailblazer-remembrance,E3,3,"When ally memosprites (aside from Mem) take action, Trailblazer regenerates","When ally memosprites (aside from Mem) take action, Trailblazer regenerates 8 Energy. This effect can trigger a max of 1 time(s) per turn. The trigger count resets at the start of Trailblazer's turn. 8 Energy. This effect can trigger a max of 1 time(s) per turn. The trigger count resets at the start of Trailblazer's turn."
Trailblazer • Remembrance,trailblazer-remembrance,E4,4,Skill Lv.,"Skill Lv. +2 , up to a maximum of Lv. 15. Talent Lv. +2 , up to a maximum of Lv. 15. Memosprite Talent Lv. +1 , up to a maximum of Lv. 10. +2 , up to a maximum of Lv. 15. Talent Lv. +2 , up to a maximum of Lv. 15. Memosprite Talent Lv. +1 , up to a maximum of Lv. 10."
Trailblazer • Remembrance,trailblazer-remembrance,E5,5,"When an ally target with 0 Max Energy actively uses an ability, Mem can also gain","When an ally target with 0 Max Energy actively uses an ability, Mem can also gain 3% Charge, and the multiplier of the True DMG dealt by this target via ""Mem's Support"" additionally increases by 6% . 3% Charge, and the multiplier of the True DMG dealt by this target via ""Mem's Support"" additionally increases by 6% ."
Trailblazer • Remembrance,trailblazer-remembrance,E6,6,Ultimate Lv.,"Ultimate Lv. +2 , up to a maximum of Lv. 15. Basic ATK Lv. +1 , up to a maximum of Lv. 10. Memosprite Skill Lv. +1 , up to a maximum of Lv. 10. +2 , up to a maximum of Lv. 15. Basic ATK Lv. +1 , up to a maximum of Lv. 10. Memosprite Skill Lv. +1 , up to a maximum of Lv. 10."
Trailblazer • Remembrance,trailblazer-remembrance,E7,7,Ultimate's CRIT Rate is set at,Ultimate's CRIT Rate is set at 100% . 100% .
Tribbie,tribbie,E1,1,E,"Rite of Sugar Scoop 1 Rite of Sugar Scoop Eidolon 1 While the Zone lasts and after ally targets attack enemies, additionally deals True DMG equal to 24% of the total DMG of this attack to targets that have been dealt Additional DMG by the Zone. E 2 Guide of Dream Tour Eidolon 2 The Additional DMG dealt by the Zone increases to 120% of the original DMG. When the Zone deals Additional DMG, further deals 1 instance(s) of Additional DMG. E 3 Trove of Morning Glow Eidolon 3 Ultimate Lv. +2 , up to a maximum of Lv. 15 . Basic ATK Lv. +1 , up to a maximum of Lv. 10 . E 4 Peace of Empathy Bond Eidolon 4 While ""Numinosity"" lasts, the DMG dealt by all allies ignores 18% of the target's DEF. E 5 Clock of Wonder Origin Eidolon 5 Skill Lv. +2 , up to a maximum of Lv. 15 . Talent Lv. +2 , up to a maximum of Lv. 15 . E 6 Morrow of Star Shine Eidolon 6 After Tribbie uses Ultimate, launches her Talent's Follow-up ATK against all enemies. The DMG dealt by Talent's Follow-up ATK increases by 729% ."
Tribbie,tribbie,E2,2,"While the Zone lasts and after ally targets attack enemies, additionally deals True DMG equal to","While the Zone lasts and after ally targets attack enemies, additionally deals True DMG equal to 24% of the total DMG of this attack to targets that have been dealt Additional DMG by the Zone. 24% of the total DMG of this attack to targets that have been dealt Additional DMG by the Zone."
Tribbie,tribbie,E3,3,The Additional DMG dealt by the Zone increases to,"The Additional DMG dealt by the Zone increases to 120% of the original DMG. When the Zone deals Additional DMG, further deals 1 instance(s) of Additional DMG. 120% of the original DMG. When the Zone deals Additional DMG, further deals 1 instance(s) of Additional DMG."
Tribbie,tribbie,E4,4,Ultimate Lv.,"Ultimate Lv. +2 , up to a maximum of Lv. 15 . Basic ATK Lv. +1 , up to a maximum of Lv. 10 . +2 , up to a maximum of Lv. 15 . Basic ATK Lv. +1 , up to a maximum of Lv. 10 ."
Tribbie,tribbie,E5,5,"While ""Numinosity"" lasts, the DMG dealt by all allies ignores","While ""Numinosity"" lasts, the DMG dealt by all allies ignores 18% of the target's DEF. 18% of the target's DEF."
Tribbie,tribbie,E6,6,Skill Lv.,"Skill Lv. +2 , up to a maximum of Lv. 15 . Talent Lv. +2 , up to a maximum of Lv. 15 . +2 , up to a maximum of Lv. 15 . Talent Lv. +2 , up to a maximum of Lv. 15 ."
Tribbie,tribbie,E7,7,"After Tribbie uses Ultimate, launches her Talent's Follow-up ATK against all enemies. The DMG dealt by Talent's Follow-up ATK increases by","After Tribbie uses Ultimate, launches her Talent's Follow-up ATK against all enemies. The DMG dealt by Talent's Follow-up ATK increases by 729% . 729% ."
Welt,welt,E1,1,E,"Legacy of Honor 1 Legacy of Honor Eidolon 1 After using a Skill or Ultimate to hit a target in the ""Weightless"" state, deals 1 additional instance of Imaginary Additional DMG equal to 40% of the Ultimate's DMG multiplier. This effect can only be triggered once per target per attack. E 2 Conflux of Stars Eidolon 2 When his Talent is triggered, Welt regenerates 3 Energy. E 3 Prayer of Peace Eidolon 3 Skill Lv. +2 , up to a maximum of Lv. 15 . Basic ATK Lv. +1 . up to a maximum of Lv. 10 . E 4 Appellation of Justice Eidolon 4 Enemy targets in the ""Weightless"" state have their All-Type RES reduced by 30% . E 5 Power of Kindness Eidolon 5 Ultimate Lv. +2 , up to a maximum of Lv. 15. Talent Lv. +2 , up to a maximum of Lv. 15. E 6 Prospect of Glory Eidolon 6 When using a Skill or Ultimate to hit an enemy target in the Slow state, increases CRIT Rate by 30% and CRIT DMG by 60% ."
Welt,welt,E2,2,"After using a Skill or Ultimate to hit a target in the ""Weightless"" state, deals","After using a Skill or Ultimate to hit a target in the ""Weightless"" state, deals 1 additional instance of Imaginary Additional DMG equal to 40% of the Ultimate's DMG multiplier. This effect can only be triggered once per target per attack. 1 additional instance of Imaginary Additional DMG equal to 40% of the Ultimate's DMG multiplier. This effect can only be triggered once per target per attack."
Welt,welt,E3,3,"When his Talent is triggered, Welt regenerates","When his Talent is triggered, Welt regenerates 3 Energy. 3 Energy."
Welt,welt,E4,4,Skill Lv.,"Skill Lv. +2 , up to a maximum of Lv. 15 . Basic ATK Lv. +1 . up to a maximum of Lv. 10 . +2 , up to a maximum of Lv. 15 . Basic ATK Lv. +1 . up to a maximum of Lv. 10 ."
Welt,welt,E5,5,"Enemy targets in the ""Weightless"" state have their All-Type RES reduced by","Enemy targets in the ""Weightless"" state have their All-Type RES reduced by 30% . 30% ."
Welt,welt,E6,6,Ultimate Lv.,"Ultimate Lv. +2 , up to a maximum of Lv. 15. Talent Lv. +2 , up to a maximum of Lv. 15. +2 , up to a maximum of Lv. 15. Talent Lv. +2 , up to a maximum of Lv. 15."
Welt,welt,E7,7,"When using a Skill or Ultimate to hit an enemy target in the Slow state, increases CRIT Rate by","When using a Skill or Ultimate to hit an enemy target in the Slow state, increases CRIT Rate by 30% and CRIT DMG by 60% . 30% and CRIT DMG by 60% ."
Xueyi,xueyi,E1,1,"Dvesha, Inhibited","Dvesha, Inhibited Increases the DMG dealt by the Talent's follow-up attack by 40% . Klesha, Breached Talent's follow-up attack reduces enemy Toughness regardless of Weakness types. At the same time, restores Xueyi's HP by an amount equal to 5% of her Max HP. When breaking Weakness, triggers the Quantum Break Effect. Duḥkha, Ceased Skill Lv. +2 , up to a maximum of Lv. 15. Basic ATK Lv. +1 , up to a maximum of Lv. 10. Karma, Severed When using Ultimate, increases Break Effect by 40% for 2 turn(s). Deva, Enthralled Ultimate Lv. +2 , up to a maximum of Lv. 15. Talent Lv. +2 , up to a maximum of Lv. 15. Saṃsāra, Mastered The max stack limit for Karma decreases to 6 ."
Xueyi,xueyi,E2,2,Increases the DMG dealt by the Talent's follow-up attack by,Increases the DMG dealt by the Talent's follow-up attack by 40% . 40% .
Xueyi,xueyi,E3,3,"Talent's follow-up attack reduces enemy Toughness regardless of Weakness types. At the same time, restores Xueyi's HP by an amount equal to","Talent's follow-up attack reduces enemy Toughness regardless of Weakness types. At the same time, restores Xueyi's HP by an amount equal to 5% of her Max HP. When breaking Weakness, triggers the Quantum Break Effect. 5% of her Max HP. When breaking Weakness, triggers the Quantum Break Effect."
Xueyi,xueyi,E4,4,Skill Lv.,"Skill Lv. +2 , up to a maximum of Lv. 15. Basic ATK Lv. +1 , up to a maximum of Lv. 10. +2 , up to a maximum of Lv. 15. Basic ATK Lv. +1 , up to a maximum of Lv. 10."
Xueyi,xueyi,E5,5,"When using Ultimate, increases Break Effect by","When using Ultimate, increases Break Effect by 40% for 2 turn(s). 40% for 2 turn(s)."
Xueyi,xueyi,E6,6,Ultimate Lv.,"Ultimate Lv. +2 , up to a maximum of Lv. 15. Talent Lv. +2 , up to a maximum of Lv. 15. +2 , up to a maximum of Lv. 15. Talent Lv. +2 , up to a maximum of Lv. 15."
Xueyi,xueyi,E7,7,The max stack limit for Karma decreases to,The max stack limit for Karma decreases to 6 . 6 .
Yanqing,yanqing,E1,1,E,"Svelte Saber 1 Svelte Saber Eidolon 1 When Yanqing attacks a Frozen enemy, he deals Additional Ice DMG equal to 60% of his ATK. E 2 Supine Serenade Eidolon 2 When Soulsteel Sync is active, Energy Regeneration Rate increases by an extra 10% . E 3 Sword Savant Eidolon 3 Skill Lv. +2 , up to a maximum of Lv. 15 . Basic ATK Lv. +1 , up to a maximum of Lv. 10 . E 4 Searing Sting Eidolon 4 When the current HP percentage is 80% or higher, Ice RES PEN increases by 12% . E 5 Surging Strife Eidolon 5 Ultimate Lv. +2 , up to a maximum of Lv. 15 . Talent Lv. +2 , up to a maximum of Lv. 15 . E 6 Swift Swoop Eidolon 6 If the Ultimate's buffs are still in effect when an enemy is defeated, their duration is extended by 1 turn."
Yanqing,yanqing,E2,2,"When Yanqing attacks a Frozen enemy, he deals Additional","When Yanqing attacks a Frozen enemy, he deals Additional Ice DMG equal to 60% of his ATK. Ice DMG equal to 60% of his ATK."
Yanqing,yanqing,E3,3,"When Soulsteel Sync is active, Energy Regeneration Rate increases by an extra","When Soulsteel Sync is active, Energy Regeneration Rate increases by an extra 10% . 10% ."
Yanqing,yanqing,E4,4,Skill Lv.,"Skill Lv. +2 , up to a maximum of Lv. 15 . Basic ATK Lv. +1 , up to a maximum of Lv. 10 . +2 , up to a maximum of Lv. 15 . Basic ATK Lv. +1 , up to a maximum of Lv. 10 ."
Yanqing,yanqing,E5,5,When the current HP percentage is,"When the current HP percentage is 80% or higher, Ice RES PEN increases by 12% . 80% or higher, Ice RES PEN increases by 12% ."
Yanqing,yanqing,E6,6,Ultimate Lv.,"Ultimate Lv. +2 , up to a maximum of Lv. 15 . Talent Lv. +2 , up to a maximum of Lv. 15 . +2 , up to a maximum of Lv. 15 . Talent Lv. +2 , up to a maximum of Lv. 15 ."
Yanqing,yanqing,E7,7,,"If the Ultimate's buffs are still in effect when an enemy is defeated, their duration is extended by 1 turn."
Yao Guang,yao-guang,E1,1,40,Chuckle Chimes Where Jade Falls
Yao Guang,yao-guang,E2,2,40,"In Aha's extra turn triggered by Ultimate, the fixed amount of Punchline taken into account increases to 40 . When dealing Elation DMG, all ally targets ignore 20% of the target's DEF."
Yao Guang,yao-guang,E3,3,"While the Zone is active, increases all ally targets' SPD by","While the Zone is active, increases all ally targets' SPD by 12% , and additionally increases Elation by 16% . 12% , and additionally increases Elation by 16% ."
Yao Guang,yao-guang,E4,4,Skill Lv.,"Skill Lv. +2 , up to a maximum of Lv. 15. Basic ATK Lv. +1 , up to a maximum of Lv. 10. Elation Skill Lv. +1 , up to a maximum of Lv. 15. +2 , up to a maximum of Lv. 15. Basic ATK Lv. +1 , up to a maximum of Lv. 10. Elation Skill Lv. +1 , up to a maximum of Lv. 15."
Yao Guang,yao-guang,E5,5,"In Aha's extra turn triggered by Yao Guang's Ultimate, the DMG dealt by all ally characters' Elation Skill becomes","In Aha's extra turn triggered by Yao Guang's Ultimate, the DMG dealt by all ally characters' Elation Skill becomes 150% of the original DMG. 150% of the original DMG."
Yao Guang,yao-guang,E6,6,Ultimate Lv.,"Ultimate Lv. +2 , up to a maximum of Lv. 15. Talent Lv. +2 , up to a maximum of Lv. 15. Elation Skill Lv. +1 , up to a maximum of Lv. 15. +2 , up to a maximum of Lv. 15. Talent Lv. +2 , up to a maximum of Lv. 15. Elation Skill Lv. +1 , up to a maximum of Lv. 15."
Yao Guang,yao-guang,E7,7,All ally targets' Elation DMG merrymakes by,All ally targets' Elation DMG merrymakes by 25% . Increases the DMG multiplier of Yao Guang's Elation Skill by 100% of its original multiplier. 25% . Increases the DMG multiplier of Yao Guang's Elation Skill by 100% of its original multiplier.
Yukong,yukong,E1,1,E,"Aerial Marshal 1 Aerial Marshal Eidolon 1 At the start of battle, increases the SPD of all allies by 10% for 2 turn(s). E 2 Skyward Command Eidolon 2 When any ally's current energy is equal to its energy limit, Yukong regenerates an additional 5 energy. This effect can only be triggered once for each ally. The trigger count is reset after Yukong casts her Ultimate. E 3 Torrential Fusillade Eidolon 3 Skill Lv. +2 , up to a maximum of Lv. 15. Basic ATK Lv. +1 , up to a maximum of Lv. 10. E 4 Zephyrean Echoes Eidolon 4 When ""Roaring Bowstrings"" is active, Yukong deals 30% more DMG to enemies. E 5 August Deadshot Eidolon 5 Ultimate Lv. +2 , up to a maximum of Lv. 15. Talent Lv. +2, up to a maximum of Lv. 15. E 6 Bowstring Thunderclap Eidolon 6 When Yukong uses her Ultimate, she immediately gains 1 stack(s) of ""Roaring Bowstrings."""
Yukong,yukong,E2,2,"At the start of battle, increases the SPD of all allies by","At the start of battle, increases the SPD of all allies by 10% for 2 turn(s). 10% for 2 turn(s)."
Yukong,yukong,E3,3,"When any ally's current energy is equal to its energy limit, Yukong regenerates an additional","When any ally's current energy is equal to its energy limit, Yukong regenerates an additional 5 energy. This effect can only be triggered once for each ally. The trigger count is reset after Yukong casts her Ultimate. 5 energy. This effect can only be triggered once for each ally. The trigger count is reset after Yukong casts her Ultimate."
Yukong,yukong,E4,4,Skill Lv.,"Skill Lv. +2 , up to a maximum of Lv. 15. Basic ATK Lv. +1 , up to a maximum of Lv. 10. +2 , up to a maximum of Lv. 15. Basic ATK Lv. +1 , up to a maximum of Lv. 10."
Yukong,yukong,E5,5,"When ""Roaring Bowstrings"" is active, Yukong deals","When ""Roaring Bowstrings"" is active, Yukong deals 30% more DMG to enemies. 30% more DMG to enemies."
Yukong,yukong,E6,6,Ultimate Lv.,"Ultimate Lv. +2 , up to a maximum of Lv. 15. Talent Lv. +2, up to a maximum of Lv. 15. +2 , up to a maximum of Lv. 15. Talent Lv. +2, up to a maximum of Lv. 15."
Yukong,yukong,E7,7,"When Yukong uses her Ultimate, she immediately gains","When Yukong uses her Ultimate, she immediately gains 1 stack(s) of ""Roaring Bowstrings."" 1 stack(s) of ""Roaring Bowstrings."""
Yunli,yunli,E1,1,E,"Weathered Blade Does Not Sully 1 Weathered Blade Does Not Sully Eidolon 1 Increases DMG dealt by ""Intuit: Slash"" and ""Intuit: Cull"" by 20% . Increases the number of additional DMG instances for ""Intuit: Cull"" by 3 . E 2 First Luster Breaks Dawn Eidolon 2 When dealing DMG via Counter, ignores 20% of the target's DEF. E 3 Mastlength Twirls Mountweight Eidolon 3 Ultimate Lv. +2 , up to a maximum of Lv. 15. Basic ATK Lv. +1 , up to a maximum of Lv. 10. E 4 Artisan's Ironsong Eidolon 4 After launching ""Intuit: Slash"" or ""Intuit: Cull"", increases this unit's Effect RES by 50% , lasting for 1 turn(s). E 5 Blade of Old Outlasts All Eidolon 5 Skill Lv. +2 , up to a maximum of Lv. 15. Talent Lv. +2 , up to a maximum of Lv. 15. E 6 Walk in Blade, Talk in Zither Eidolon 6 While Parry is active, if an enemy actively uses their abilities, regardless of whether it attacks Yunli or not, it will trigger ""Intuit: Cull"" and remove the ""Parry"" effect. When dealing DMG via ""Intuit: Slash"" or ""Intuit: Cull"", increases CRIT Rate by 15% and Physical RES PEN by 20% ."
Yunli,yunli,E2,2,"Increases DMG dealt by ""Intuit: Slash"" and ""Intuit: Cull"" by","Increases DMG dealt by ""Intuit: Slash"" and ""Intuit: Cull"" by 20% . Increases the number of additional DMG instances for ""Intuit: Cull"" by 3 . 20% . Increases the number of additional DMG instances for ""Intuit: Cull"" by 3 ."
Yunli,yunli,E3,3,"When dealing DMG via Counter, ignores","When dealing DMG via Counter, ignores 20% of the target's DEF. 20% of the target's DEF."
Yunli,yunli,E4,4,Ultimate Lv.,"Ultimate Lv. +2 , up to a maximum of Lv. 15. Basic ATK Lv. +1 , up to a maximum of Lv. 10. +2 , up to a maximum of Lv. 15. Basic ATK Lv. +1 , up to a maximum of Lv. 10."
Yunli,yunli,E5,5,"After launching ""Intuit: Slash"" or ""Intuit: Cull"", increases this unit's Effect RES by","After launching ""Intuit: Slash"" or ""Intuit: Cull"", increases this unit's Effect RES by 50% , lasting for 1 turn(s). 50% , lasting for 1 turn(s)."
Yunli,yunli,E6,6,Skill Lv.,"Skill Lv. +2 , up to a maximum of Lv. 15. Talent Lv. +2 , up to a maximum of Lv. 15. +2 , up to a maximum of Lv. 15. Talent Lv. +2 , up to a maximum of Lv. 15."
Yunli,yunli,E7,7,"While Parry is active, if an enemy actively uses their abilities, regardless of whether it attacks Yunli or not, it will trigger ""Intuit: Cull"" and remove the ""Parry"" effect. When dealing DMG via ""Intuit: Slash"" or ""Intuit: Cull"", increases CRIT Rate by","While Parry is active, if an enemy actively uses their abilities, regardless of whether it attacks Yunli or not, it will trigger ""Intuit: Cull"" and remove the ""Parry"" effect. When dealing DMG via ""Intuit: Slash"" or ""Intuit: Cull"", increases CRIT Rate by 15% and Physical RES PEN by 20% . 15% and Physical RES PEN by 20% ."
